gene_id	gene_name	Category	Gene Symbol	acronym	GN	PRODUCT	REGULATOR	REGULATOR_TYPE	GO	EC	ACTIVITY	KINASE	BEST_HIT	BEST_SCORE	PUBMED	IPR	geneProduct	genePublication
MtrunA17Chr6g0479521	MtrunA17Chr6g0479521-Early signaling	Early signaling	GmRj2/GmRFG1	LjNENA-like	LjNENA-like	WD40 repeat protein related to nucleoporins	WD40-like	transcription factor	GO:0031080;GO:0035859;GO:0005198;GO:0005515;GO:0015031;GO:0034198;GO:1904263						PMID:675572	"putative WD40/YVTN repeat-like-containing domain superfamily, Sec13/Seh1 family"	WD40 repeat protein related to nucleoporins	PMID:675572
MtrunA17Chr7g0268161	MtrunA17Chr7g0268161-Nodule Organogenesis	Nodule Organogenesis	PvRbohA	LjTRICOT-like	LjTRICOT-like	AtAMP1 (ALTERED MERISTEM PROGRAM 1)-related			GO:0016021;GO:0004180;GO:0008235;GO:0006508	3.4.17.11	putative glutamate carboxypeptidase				PMID:23250209	"putative PA domain, transferrin receptor-like, dimerisation domain, peptidase M28"	AtAMP1 (ALTERED MERISTEM PROGRAM 1)-related	PMID:23250209
MtrunA17Chr8g0352611	MtrunA17Chr8g0352611-Nodule Organogenesis	Nodule Organogenesis	LjCCaMK (G.O.F)	MtAnn1	MtAnn1	annexin			GO:0005737;GO:0005509;GO:0005544						PMID:9612949	putative annexin	annexin	PMID:9612949
MtrunA17Chr7g0252891	MtrunA17Chr7g0252891-Early signaling	Early signaling	GmBCH1/GmBCH2	MtAPY1;3	MtAPY1;3	apyrase (nucleoside triphosphatase) (AY180379)			GO:0009134;GO:0102489;GO:0005634;GO:0005524;GO:0102491;GO:0102490;GO:0016020;GO:0017110;GO:0102486;GO:0017111;GO:0102485;GO:0102488;GO:0102487;GO:0030246;GO:0051028	3.6.1.5	putative apyrase				PMID:12644663	putative nucleoside phosphatase GDA1/CD39	apyrase (nucleoside triphosphatase) (AY180379)	PMID:12644663
MtrunA17Chr7g0252911	MtrunA17Chr7g0252911-Nodule Organogenesis	Nodule Organogenesis	MtERN1	MtAPY1;4	MtAPY1;4	apyrase (nucleoside triphosphatase) (AY180380)			GO:0009134;GO:0102489;GO:0005634;GO:0005524;GO:0102491;GO:0102490;GO:0016021;GO:0017110;GO:0102486;GO:0017111;GO:0102485;GO:0102488;GO:0102487;GO:0030246;GO:0051028	3.6.1.5	putative apyrase				PMID:12644663	putative nucleoside phosphatase GDA1/CD39	apyrase (nucleoside triphosphatase) (AY180380)	PMID:12644663
MtrunA17Chr1g0199681	MtrunA17Chr1g0199681-Rhizobial Infection	Rhizobial Infection	MtARF16a	MtARF1|MtARF16a	MtARF1|MtARF16a	auxin response factor	ARF	transcription factor	GO:0051301;GO:0005634;GO:0003677;GO:0048829;GO:0007389;GO:0006355;GO:0009734						PMID:25759704|PMID:25527707	"putative B3 DNA binding domain, auxin response factor domain"	auxin response factor	PMID:25759704|PMID:25527707
MtrunA17Chr5g0433301	MtrunA17Chr5g0433301-Nodule Organogenesis	Nodule Organogenesis	GmARF8a/GmARF8b	MtARF20	MtARF20	auxin response factor 20	ARF	transcription factor	GO:0005634;GO:0003677;GO:0005515;GO:0006355;GO:0009734						PMID:25759704	"putative PB1 domain, B3 DNA binding domain, auxin response factor domain, AUX/IAA domain"	auxin response factor 20	PMID:25759704
MtrunA17Chr5g0433301	MtrunA17Chr5g0433301-Nodule Organogenesis	Nodule Organogenesis	GmARF8a/GmARF8b	MtARF20	MtARF20	auxin response factor 20	ARF	transcription factor	GO:0005634;GO:0003677;GO:0005515;GO:0006355;GO:0009734						PMID:25759704	"putative PB1 domain, B3 DNA binding domain, auxin response factor domain, AUX/IAA domain"	auxin response factor 20	PMID:25759704
MtrunA17Chr8g0381261	MtrunA17Chr8g0381261-Symbiosome formation	Symbiosome formation	MtSymREM1	MtARP3	MtARP3	actin-related protein 3			GO:0005829;GO:0005885;GO:0051015;GO:0009825;GO:0010090;GO:0034314						PMID:25608180	"putative Actin family, ATPase, nucleotide binding domain"	actin-related protein 3	PMID:25608180
MtrunA17Chr3g0083891	MtrunA17Chr3g0083891-Nodule Organogenesis	Nodule Organogenesis	PvBECLIN1	MtATG6	MtATG6	Autophagy related gene			GO:0000045;GO:0034272;GO:0034271;GO:0000407;GO:0045324;GO:0050832;GO:0009846;GO:0006623;GO:0006995						PMID:34824334	"putative atg6/Beclin, atg6, BARA domain, atg6/beclin, coiled-coil domain"	Autophagy related gene	PMID:34824334
MtrunA17Chr3g0121271	MtrunA17Chr3g0121271-Nodule Organogenesis	Nodule Organogenesis	MtBG2	MtBG2	MtBG2	"beta-1,3-Glucanase 2"			GO:0005975;GO:0016310;GO:0042973;GO:0016301;GO:0046658	3.2.1.39	"putative glucan endo-1,3-beta-D-glucosidase"				PMID:30416059	"putative glycoside hydrolase family 17, X8 domain, glycoside hydrolase superfamily"	"beta-1,3-Glucanase 2"	PMID:30416059
MtrunA17Chr3g0132471	MtrunA17Chr3g0132471-Nodule Organogenesis	Nodule Organogenesis	MtBHLH1	MtbHLH1	MtbHLH1	basic helix-loop-helix  transcription factor 1	bHLH	transcription factor	GO:0005634;GO:0000978;GO:0000981;GO:0046983;GO:0006357						PMID:21679315	"putative myc-type, basic helix-loop-helix (bHLH) domain"	basic helix-loop-helix  transcription factor 1	PMID:21679315
MtrunA17Chr5g0400621	MtrunA17Chr5g0400621-Nodule Organogenesis	Nodule Organogenesis	MtBHLH476	MtbHLH476	MtbHLH476	basic helix-loop-helix  transcription factor 476	bHLH	transcription factor	GO:0005634;GO:0003677;GO:0046983						PMID:23023168	"putative myc-type, basic helix-loop-helix (bHLH) domain"	basic helix-loop-helix  transcription factor 476	PMID:23023168
MtrunA17Chr3g0129391	MtrunA17Chr3g0129391-Early signaling	Early signaling	MtBRI1	MtBRI	MtBRI	Brassinosteroid Insensitive 1 (BR receptor)			GO:0005524;GO:0005515;GO:0016021;GO:0004674;GO:0006468;GO:0005886;GO:0009755	2.7.11.1	putative non-specific serine/threonine protein kinase	RLK-Pelle_LRR-Xb-1			PMID:28839160	"putative serine/threonine-protein kinase, active"	Brassinosteroid Insensitive 1 (BR receptor)	PMID:28839160
MtrunA17Chr6g0484671	MtrunA17Chr6g0484671-Senescence	Senescence	GmFWL1	MtCAS31	MtCAS31	cold-acclimation specific protein 31			GO:0009737;GO:0005829;GO:0009631;GO:0009414						PMID:29868087	putative dehydrin	cold-acclimation specific protein 31	PMID:29868087
MtrunA17Chr6g0469911	MtrunA17Chr6g0469911-Rhizobial Infection	Rhizobial Infection	MtPIN2/MtPIN3/MtPIN4	MtCBS1	MtCBS1	Cystathionine-beta-synthase-like domain protein 1			GO:0016021;GO:0043231;GO:0010960						PMID:26884486	putative ancient domain protein family	Cystathionine-beta-synthase-like domain protein 1	PMID:26884486
MtrunA17Chr7g0232091	MtrunA17Chr7g0232091-Early signaling	Early signaling	MtSNARP2	MtCCD7	MtCCD7	carotenoid cleavage dioxygenase 7			GO:0046872;GO:0016121;GO:0045549;GO:1901601;GO:0010223;GO:0009733	1.13.11.-	putative oxidoreductase				PMID:26503135	putative carotenoid oxygenase	carotenoid cleavage dioxygenase 7	PMID:26503135
MtrunA17Chr4g0057131	MtrunA17Chr4g0057131-Nodule Organogenesis	Nodule Organogenesis	MtCCS52a	MtCCS52a	MtCCS52a	cell cycle switch gene 52 a (anaphase-promoting complex activator)	WD40-like	transcription factor	GO:0005515;GO:1905786;GO:0005680;GO:1990757;GO:1904668;GO:0010997						PMID:12953113	"putative WD40/YVTN repeat-like-containing domain superfamily, The WD repeat Cdc20/Fizzy family"	cell cycle switch gene 52 a (anaphase-promoting complex activator)	PMID:12953113
MtrunA17Chr8g0359761	MtrunA17Chr8g0359761-Nodule Organogenesis	Nodule Organogenesis	LjSIE3	MtCDC16	MtCDC16	CELL DIVISION CYCLE 16			GO:0005680;GO:0005737;GO:0005515;GO:0016567;GO:0031145;GO:0045842;GO:0051301						PMID:19789288	putative tetratricopeptide-like helical domain superfamily	CELL DIVISION CYCLE 16	PMID:19789288
MtrunA17Chr5g0405421	MtrunA17Chr5g0405421-Rhizobial Infection	Rhizobial Infection	MtCDPK1	MtCDPK1	MtCDPK1	calcium-dependent protein kinase1			GO:0005634;GO:0005524;GO:0005516;GO:0005737;GO:0005509;GO:0046777;GO:0004683;GO:0018105;GO:0035556;GO:0009931	2.7.11.1	putative non-specific serine/threonine protein kinase	CAMK_CDPK			PMID:16199614|PMID:30129677	"putative serine/threonine-protein kinase, active"	calcium-dependent protein kinase1	PMID:16199614|PMID:30129677
MtrunA17Chr3g0098951	MtrunA17Chr3g0098951-Autoregulation of Nodule Number	Autoregulation of Nodule Number	MtCPK3	MtCDPK3	MtCDPK3	calcium-dependent protein kinase3			GO:0005634;GO:0005524;GO:0005516;GO:0005737;GO:0005509;GO:0046777;GO:0004683;GO:0018105;GO:0035556;GO:0009931	2.7.11.17	putative calcium/calmodulin-dependent protein kinase	CAMK_CDPK			PMID:30129677|PMID:17132148	"putative serine/threonine-protein kinase, active"	calcium-dependent protein kinase3	PMID:30129677|PMID:17132148
MtrunA17Chr1g0149821	MtrunA17Chr1g0149821-Early signaling	Early signaling	LjCHIT5	MtCHIT5a	MtCHIT5a	chitinase 5 a			GO:0004568;GO:0008061;GO:0000272;GO:0006032;GO:0016021;GO:0050832;GO:0005576;GO:0009877				sp|A0A072VEP0|CHT5A_MEDTR	791	PMID:27383628	"putative glycoside hydrolase family 18, catalytic domain, glycosyl hydrolase family 18 (GH18) active"	chitinase 5 a	PMID:27383628
MtrunA17Chr8g0392301	MtrunA17Chr8g0392301-Nodule Organogenesis	Nodule Organogenesis	PvRACK1	MtCHK1/MtCRE1	MtCHK1/MtCRE1	CHASE-domain containing histidine kinase 1	RR-A-type	response regulator and putative novel transcription factor	GO:0000155;GO:0000160;GO:0016021;GO:0018106;GO:0016787	2.7.13.3;3.1.3.16	"putative histidine kinase, Protein-serine/threonine phosphatase"				PMID:27341695	"putative signal transduction response regulator, receiver domain, histidine kinase/HSP90-like ATPase"	CHASE-domain containing histidine kinase 1	PMID:27341695
MtrunA17Chr2g0299371	MtrunA17Chr2g0299371-Nodule Organogenesis	Nodule Organogenesis	LjCKX3	MtCKX3	MtCKX3	cytokinin oxidase 3			GO:0071949;GO:0009690;GO:0016021;GO:0019139	1.5.99.12	putative cytokinin dehydrogenase				PMID:25804975	"putative oxygen oxidoreductase covalent FAD-binding, FAD-linked oxidase-like"	cytokinin oxidase 3	PMID:25804975
MtrunA17Chr4g0040971	MtrunA17Chr4g0040971-Autoregulation of Nodule Number	Autoregulation of Nodule Number	LjCLE-RS1	MtCLE12	MtCLE12	CLAVATA3/EMBRYO-SURROUNDING REGION (CLE) family			GO:0005615;GO:0045168				sp|G7ZZZ3|CLE12_MEDTR	166	PMID:29030416		CLAVATA3/EMBRYO-SURROUNDING REGION (CLE) family	PMID:29030416
MtrunA17Chr4g0040951	MtrunA17Chr4g0040951-Autoregulation of Nodule Number	Autoregulation of Nodule Number	LjCLE-RS2	MtCLE13	MtCLE13	CLAVATA3/EMBRYO-SURROUNDING REGION (CLE) family			GO:0005615;GO:0007275;GO:0045168				sp|G7JV15|CLE13_MEDTR	172	PMID:29030416		CLAVATA3/EMBRYO-SURROUNDING REGION (CLE) family	PMID:29030416
MtrunA17Chr7g0249101	MtrunA17Chr7g0249101-Autoregulation of Nodule Number	Autoregulation of Nodule Number	GmACP	MtCLV2	MtCLV2	CLAVATA2			GO:0016021;GO:0005515;GO:0016301;GO:0016310						PMID:27296908	putative leucine-rich repeat domain superfamily	CLAVATA2	PMID:27296908
MtrunA17Chr1g0181121	MtrunA17Chr1g0181121-Early signaling	Early signaling	MtCNGC15a	MtCNGC15a	MtCNGC15a	cyclic nucleotide-gated channel			GO:0005249;GO:0036377;GO:0031965;GO:0071805;GO:0005262;GO:0070588;GO:0016021;GO:0044325;GO:0009877				sp|G7IBJ4|CN15A_MEDTR	1426	PMID:27230377	"putative cyclic nucleotide-binding domain, potassium channel, voltage-dependent, EAG/ELK/ERG"	cyclic nucleotide-gated channel	PMID:27230377
MtrunA17Chr4g0028861	MtrunA17Chr4g0028861-Early signaling	Early signaling	MtCNGC15b	MtCNGC15b	MtCNGC15b	cyclic nucleotide-gated channel			GO:0005249;GO:0036377;GO:0031965;GO:0071805;GO:0005262;GO:0070588;GO:0016021;GO:0044325;GO:0009877						PMID:27230377	"putative cyclic nucleotide-binding domain, potassium channel, voltage-dependent, EAG/ELK/ERG"	cyclic nucleotide-gated channel	PMID:27230377
MtrunA17Chr2g0326871	MtrunA17Chr2g0326871-Early signaling	Early signaling	MtCNGC15c	MtCNGC15c	MtCNGC15c	cyclic nucleotide-gated channel			GO:0005249;GO:0031965;GO:0071805;GO:0016021;GO:0044325				sp|A0A072VMJ3|CN15C_MEDTR	1459	PMID:27230377	"putative IQ motif, EF-hand binding, cyclic nucleotide-binding domain, Ion transport domain"	cyclic nucleotide-gated channel	PMID:27230377
MtrunA17Chr5g0395411	MtrunA17Chr5g0395411-Early signaling	Early signaling	LjBRUSH	MtCNGCIVAb	MtCNGCIVAb	cyclic nucleotide-gated channel			GO:0005216;GO:0034220;GO:0016021						PMID:27230377	putative Ion transport domain	cyclic nucleotide-gated channel	PMID:27230377
MtrunA17Chr4g0008841	MtrunA17Chr4g0008841-Nodule Metabolism and Transport	Nodule Metabolism and Transport	MtCOPT1	MtCOPT1	MtCOPT1	copper transporter			GO:0005886;GO:0016021;GO:0005375;GO:0006878;GO:0035434						PMID:29349810	putative Ctr copper transporter	copper transporter	PMID:29349810
MtrunA17Chr4g0041081	MtrunA17Chr4g0041081-Senescence	Senescence	MtCP6	MtCP6|MtCP	MtCP6|MtCP	cystein protease 6|cystein protease			GO:0005615;GO:0004197;GO:0016021;GO:0051603;GO:0005764	3.4.22.33	putative fruit bromelain				PMID:35781677|PMID:28607058	"putative cysteine peptidase, cysteine active, peptidase C1A, papain"	cystein protease 6|cystein protease	PMID:35781677|PMID:28607058
MtrunA17Chr3g0140861	MtrunA17Chr3g0140861-Autoregulation of Nodule Number	Autoregulation of Nodule Number	MtCRA2	MtCRA2	MtCRA2	compact root architecture 2			GO:0018108;GO:0005524;GO:0004713;GO:0016021;GO:0005886	2.7.11.1	putative non-specific serine/threonine protein kinase	RLK-Pelle_LRR-XI-1			PMID:25521478	"putative serine/threonine-protein kinase, active"	compact root architecture 2	PMID:25521478
MtrunA17Chr7g0221431	MtrunA17Chr7g0221431-Autoregulation of Nodule Number	Autoregulation of Nodule Number	MtNAD1	MtCRN	MtCRN	CORYNE			GO:0010075;GO:0010088;GO:0007178;GO:0006468;GO:0042742;GO:0005886;GO:0004675;GO:0005789;GO:0001653;GO:0005524;GO:0009909;GO:0045595;GO:0002229;GO:0016021;GO:0010078;GO:0033612	2.7.-.-	putative transferase	RLK-Pelle_LRR-XI-2			PMID:27296908	putative protein kinase domain	CORYNE	PMID:27296908
MtrunA17Chr3g0138431	MtrunA17Chr3g0138431-Rhizobial Infection	Rhizobial Infection	MtRbohA	MtCycA2-4	MtCycA2-4	Cyclin A type (rhizobium-induced)			GO:0000307;GO:0005634;GO:0005737;GO:0016538;GO:0000079;GO:0044772;GO:0051301						PMID:33228084	putative cyclin domain	Cyclin A type (rhizobium-induced)	PMID:33228084
MtrunA17Chr7g0224551	MtrunA17Chr7g0224551-Early signaling	Early signaling	LjTML (MtTML1)	MtCYP93B10	MtCYP93B10	Cytochrome P450 monooxygenase			GO:0016712;GO:0033771;GO:0005506;GO:0102469;GO:0016021;GO:0009813;GO:0020037	1.14.14.140	putative licodione synthase				PMID:34576120	putative cytochrome P450	Cytochrome P450 monooxygenase	PMID:34576120
MtrunA17Chr4g0046331	MtrunA17Chr4g0046331-Early signaling	Early signaling	GmIFS1/GmIFS2	MtCYP93C19	MtCYP93C19	Cytochrome P450 monooxygenase			GO:0102604;GO:0033770;GO:0005506;GO:0102668;GO:0016020;GO:0020037	1.14.14.87	putative 2-hydroxyisoflavanone synthase				PMID:34576120	putative cytochrome P450	Cytochrome P450 monooxygenase	PMID:34576120
MtrunA17Chr4g0046351	MtrunA17Chr4g0046351-Early signaling	Early signaling	GmIFS1/GmIFS2	MtCYP93C20	MtCYP93C20	Cytochrome P450 monooxygenase			GO:0102604;GO:0009717;GO:0005506;GO:0033770;GO:0102668;GO:0016021;GO:0005783;GO:0020037	1.14.14.87	putative 2-hydroxyisoflavanone synthase				PMID:34576120	putative cytochrome P450	Cytochrome P450 monooxygenase	PMID:34576120
MtrunA17Chr4g0046321	MtrunA17Chr4g0046321-Early signaling	Early signaling	GmIFS1/GmIFS2	MtCYP93C27	MtCYP93C27	Cytochrome P450 monooxygenase			GO:0102604;GO:0009717;GO:0005506;GO:0033770;GO:0102668;GO:0016021;GO:0005783;GO:0020037	1.14.14.87	putative 2-hydroxyisoflavanone synthase				PMID:34576120	putative cytochrome P450	Cytochrome P450 monooxygenase	PMID:34576120
MtrunA17Chr3g0110971	MtrunA17Chr3g0110971-Early signaling	Early signaling	MtDELLA1	MtDELLA1	MtDELLA1	aspartic acid-glutamic acid-leucine-leucine-alanine 1 (GRAS family transcription factor)	GRAS	transcription factor	GO:0036377;GO:0042538;GO:0010187;GO:0009610;GO:0006355;GO:0009863;GO:0043565;GO:0009867;GO:0009723;GO:0009938;GO:0005634;GO:0003700;GO:0003712;GO:0009737;GO:2000377;GO:2000033;GO:0016036				sp|A0A396IUP1|DELA1_MEDTR	1239	PMID:27586842	"putative transcription factor GRAS, transcriptional factor DELLA, DELLA domain superfamily"	aspartic acid-glutamic acid-leucine-leucine-alanine 1 (GRAS family transcription factor)	PMID:27586842
MtrunA17Chr7g0267461	MtrunA17Chr7g0267461-Nodule Organogenesis	Nodule Organogenesis	LjTCO	MtDGD1	MtDGD1	Digalactosyldiacylglycerol synthase 1 (XM_01359759.2)			GO:0009707;GO:0046481;GO:0019375;GO:0043661;GO:0009877	2.4.1.241	putative digalactosyldiacylglycerol synthase				PMID:30986120	"putative glycosyl transferase, family 1, digalactosyldiacylglycerol synthase 1/2"	Digalactosyldiacylglycerol synthase 1 (XM_01359759.2)	PMID:30986120
MtrunA17Chr1g0198151	MtrunA17Chr1g0198151-Bacterial Maturation	Bacterial Maturation	MtDME	MtDME	MtDME	DEMETER (DNA demethylase)			GO:0006284;GO:0009793;GO:0080111;GO:0043078;GO:0003677;GO:0006349;GO:0006306;GO:0046872;GO:0016020;GO:0035514;GO:0019104;GO:0051539;GO:0140078	4.2.99.18	putative DNA-(apurinic or apyrimidinic site) lyase				PMID:27797357	"putative HhH-GPD domain, endonuclease III-like, iron-sulphur cluster loop, DNA glycosylase"	DEMETER (DNA demethylase)	PMID:27797357
MtrunA17Chr2g0277131	MtrunA17Chr2g0277131-Early signaling	Early signaling	MtDMI1(LjPOLLUX)	MtDMI1	MtDMI1	does not make infection 1|ion  channel			GO:0042802;GO:0031965;GO:0034220;GO:0016021;GO:0009877				sp|Q6RHR6|DMI1_MEDTR	1803	PMID:14963334	"putative CASTOR/POLLUX/SYM8 ion channel domain, NAD(P)-binding domain superfamily"	does not make infection 1|ion  channel	PMID:14963334
MtrunA17Chr5g0411631	MtrunA17Chr5g0411631-Early signaling	Early signaling	LjSYMRK	MtDMI2	MtDMI2	does not make infection 2 (receptor-like kinase)			GO:0005524;GO:0005515;GO:0016021;GO:0046777;GO:0106311;GO:0009877;GO:0106310	2.7.11.1	putative non-specific serine/threonine protein kinase	RLK-Pelle_LRR-I-1	sp|Q8L4H4|NORK_MEDTR	1907	PMID:12087406	"putative serine/threonine-protein kinase, active"	does not make infection 2 (receptor-like kinase)	PMID:12087406
MtrunA17Chr8g0355131	MtrunA17Chr8g0355131-Early signaling	Early signaling	MtCCaMK (L.O.F)	MtDMI3	MtDMI3	does not make infection 3			GO:0046777;GO:0004683;GO:0009877;GO:0009931;GO:0005634;GO:0005524;GO:0005516;GO:0005737;GO:0005509;GO:0016021;GO:0018105;GO:0106311;GO:0035556;GO:0106310	2.7.11.17	putative calcium/calmodulin-dependent protein kinase	CAMK_CAMK1-DCAMKL	sp|Q6RET7|CCAMK_MEDTR	1076	PMID:14963335	"putative serine/threonine-protein kinase, active"	does not make infection 3	PMID:14963335
MtrunA17Chr8g0355131	MtrunA17Chr8g0355131-Early signaling	Early signaling	MtCCaMK (L.O.F)	MtDMI3	MtDMI3	does not make infection 3			GO:0046777;GO:0004683;GO:0009877;GO:0009931;GO:0005634;GO:0005524;GO:0005516;GO:0005737;GO:0005509;GO:0016021;GO:0018105;GO:0106311;GO:0035556;GO:0106310	2.7.11.17	putative calcium/calmodulin-dependent protein kinase	CAMK_CAMK1-DCAMKL	sp|Q6RET7|CCAMK_MEDTR	1076	PMID:14963335	"putative serine/threonine-protein kinase, active"	does not make infection 3	PMID:14963335
MtrunA17Chr3g0087791	MtrunA17Chr3g0087791-Bacterial Maturation	Bacterial Maturation	MtDNF1	MtDNF1	MtDNF1	"DOES NOT FIX NITROGEN 1 (Signal peptidase complex 22-kD subunit, SPC22)"			GO:0005787;GO:0016021;GO:0008233;GO:0006465;GO:0045047	3.4.21.89	putative signal peptidase I				PMID:20185723	putative signal peptidase complex subunit 3	"DOES NOT FIX NITROGEN 1 (Signal peptidase complex 22-kD subunit, SPC22)"	PMID:20185723
MtrunA17Chr4g0044681	MtrunA17Chr4g0044681-Defense	Defense	MtDNF2	MtDNF2	MtDNF2	does not fix nitrogen 2 (phosphatidylinositol phospholipase C-like)			GO:0016021;GO:0008081;GO:0006629						PMID:23278348	"putative PLC-like phosphodiesterase, TIM beta/alpha-barrel domain superfamily"	does not fix nitrogen 2 (phosphatidylinositol phospholipase C-like)	PMID:23278348
MtrunA17Chr4g0002631	MtrunA17Chr4g0002631-Nodule Organogenesis	Nodule Organogenesis	MtEFD	MtEFD	MtEFD	ERF required for nodule Differentiation	AP2-EREBP	transcription factor	GO:0005634;GO:0003677;GO:0003700;GO:0006355						PMID:18978033	"putative AP2/ERF domain, DNA-binding domain superfamily, AP2/ERF domain superfamily"	ERF required for nodule Differentiation	PMID:18978033
MtrunA17Chr7g0264231	MtrunA17Chr7g0264231-Rhizobial Infection	Rhizobial Infection	MtSKL(LjEIN2a)	MtEIN2|MtSKL1	MtEIN2|MtSKL1	Ethylene-insensitive protein 2|SICKLE 1			GO:0070574;GO:0071421;GO:0015086;GO:0016021;GO:0005384;GO:0009873						PMID:18435823	putative NRAMP family	Ethylene-insensitive protein 2|SICKLE 1	PMID:18435823
MtrunA17Chr1g0186741	MtrunA17Chr1g0186741-Defense	Defense	LjERF1	MtERF1	MtERF1	"ethylene response factor 1 (TC105911, LjERF1-like)"	AP2-EREBP	transcription factor	GO:0005634;GO:0003677;GO:0003700;GO:0006355;GO:0009873						PMID:17249425	"putative AP2/ERF domain, DNA-binding domain superfamily, AP2/ERF domain superfamily"	"ethylene response factor 1 (TC105911, LjERF1-like)"	PMID:17249425
MtrunA17Chr7g0253424	MtrunA17Chr7g0253424-Nodule Organogenesis	Nodule Organogenesis	MtNOOT	MtERN1	MtERN1	ERF required for nodulation-1	AP2-EREBP	transcription factor	GO:0005634;GO:0003700;GO:0045893;GO:0043565;GO:0009877				sp|A2Q5W1|ERN1_MEDTR	559	PMID:17449807|PMID:17827349	"putative AP2/ERF domain, DNA-binding domain superfamily, AP2/ERF domain superfamily"	ERF required for nodulation-1	PMID:17449807|PMID:17827349
MtrunA17Chr6g0461271	MtrunA17Chr6g0461271-Nodule Organogenesis	Nodule Organogenesis	GmBCH1/GmBCH2	MtERN2	MtERN2	ERF required for nodulation-2	AP2-EREBP	transcription factor	GO:0005634;GO:0003700;GO:0045893;GO:0043565;GO:0009877				sp|A9Y0K8|ERN2_MEDTR	649	PMID:17827349	"putative AP2/ERF domain, DNA-binding domain superfamily, AP2/ERF domain superfamily"	ERF required for nodulation-2	PMID:17827349
MtrunA17Chr3g0144511	MtrunA17Chr3g0144511-Nodule Organogenesis	Nodule Organogenesis	GmGβ1/GmGβ2/GmGβ3/GmGβ4	MtFIE.11|MtGbeta1	MtFIE.11|MtGbeta1	FERTILIZATION-INDEPENDENT ENDOSPERM (Polycomb group PcG protein)|heteromeric G-protein beta subunit1	WD40-like	transcription factor	GO:2000280;GO:0010154;GO:0007186;GO:0009991;GO:0005783;GO:0009845;GO:0042973;GO:0009867;GO:0009723;GO:0080008;GO:0048527;GO:0005975;GO:0072593;GO:0005834;GO:0030968;GO:0010118;GO:0031682;GO:0050832;GO:1905392						PMID:34299158|PMID:35095980	"putative G-protein, beta subunit"	FERTILIZATION-INDEPENDENT ENDOSPERM (Polycomb group PcG protein)|heteromeric G-protein beta subunit1	PMID:34299158|PMID:35095980
MtrunA17Chr3g0137261	MtrunA17Chr3g0137261-Rhizobial Infection	Rhizobial Infection	MtFLOT2	MtFLOT2	MtFLOT2	Flotillin 2 (EX527915)			GO:0005901;GO:0016324;GO:0009877;GO:0048364;GO:0072659						PMID:20018678	"putative Band 7 domain, Flotillin family, Band 7/SPFH domain superfamily"	Flotillin 2 (EX527915)	PMID:20018678
MtrunA17Chr3g0137271	MtrunA17Chr3g0137271-Rhizobial Infection	Rhizobial Infection	MtFLOT4	MtFLOT4	MtFLOT4	Flotillin 4 (TC133140)			GO:0005901;GO:0016324;GO:0009877;GO:0048364;GO:0072659						PMID:20018678	"putative Band 7 domain, Flotillin family, Band 7/SPFH domain superfamily"	Flotillin 4 (TC133140)	PMID:20018678
MtrunA17Chr6g0461061	MtrunA17Chr6g0461061-Rhizobial Infection	Rhizobial Infection	MtERN2	MtFLOT7|MtVPY	MtFLOT7|MtVPY	Flotillin 7 (TC117648)|VAPYRIN (TC104091)			GO:0005634;GO:0005737;GO:0005886;GO:0085042;GO:0005515;GO:0016301;GO:0002237;GO:0009609;GO:0009610;GO:0009877;GO:0016310;GO:0036377				sp|D3J162|VPY_MEDTR	1109	PMID:20018678|PMID:19912567	putative major sperm protein (MSP) domain	Flotillin 7 (TC117648)|VAPYRIN (TC104091)	PMID:20018678|PMID:19912567
MtrunA17Chr4g0037611	MtrunA17Chr4g0037611-Rhizobial Infection	Rhizobial Infection	MtGA2ox10	MtGA2ox10	MtGA2ox10	Gibberellin C20-GA2-oxidase 10  (GA inactivation)			GO:0016021;GO:0046872;GO:0051213						PMID:30976084	"putative oxoglutarate/iron-dependent dioxygenase, isopenicillin N synthase-like superfamily"	Gibberellin C20-GA2-oxidase 10  (GA inactivation)	PMID:30976084
MtrunA17Chr1g0151141	MtrunA17Chr1g0151141-Nodule Organogenesis	Nodule Organogenesis	GmGα	MtGalpha1	MtGalpha1	heteromeric G-protein alpha subunit1			GO:0005525;GO:0001664;GO:0005834;GO:0046872;GO:0003924;GO:0007188;GO:0031683						PMID:35095980	"putative G protein alpha subunit, helical insertion"	heteromeric G-protein alpha subunit1	PMID:35095980
MtrunA17Chr5g0409341	MtrunA17Chr5g0409341-Early signaling	Early signaling	LjCYCLOPS (MtIPD3)	MtIPD3	MtIPD3	Interacting protein of DMI3			GO:0005634;GO:0003700;GO:0042803;GO:0043565;GO:0009877;GO:0036377;GO:0045893				sp|A7TUE1|CCLOP_MEDTR	1056	PMID:17722695	putative protein CYCLOPS	Interacting protein of DMI3	PMID:17722695
MtrunA17Chr1g0185751	MtrunA17Chr1g0185751-Nodule Organogenesis	Nodule Organogenesis	LjIPT3	MtIPT3	MtIPT3	isopentenyl transferase			GO:0005634;GO:0005739;GO:0009536;GO:0009824;GO:0052381;GO:0006400;GO:0009691	2.5.1.-	putative transferase				PMID:26351356|PMID:29593763	"putative P-loop containing nucleoside triphosphate hydrolase, dimethylallyltransferase"	isopentenyl transferase	PMID:26351356|PMID:29593763
MtrunA17Chr2g0305101	MtrunA17Chr2g0305101-Nodule Organogenesis	Nodule Organogenesis	MtKNAT3/MtKNAT5/MtKNAT9/MtKNAT10	MtKNOX10	MtKNOX10	KNOX transcription factor	Homeodomain-TALE-KNOX	transcription factor	GO:0005634;GO:0000978;GO:0000981;GO:0006357						PMID:26351356	"putative Homeobox domain, ELK domain, Homeobox-like domain superfamily"	KNOX transcription factor	PMID:26351356
MtrunA17Chr1g0149651	MtrunA17Chr1g0149651-Nodule Organogenesis	Nodule Organogenesis	MtKNAT3/MtKNAT5/MtKNAT9/MtKNAT10	MtKNOX3	MtKNOX3	KNOX transcription factor	Homeodomain-TALE-KNOX	transcription factor	GO:0005634;GO:0000978;GO:0000981;GO:0006357						PMID:26351356	"putative Homeobox domain, ELK domain, Homeobox-like domain superfamily"	KNOX transcription factor	PMID:26351356
MtrunA17Chr3g0137241	MtrunA17Chr3g0137241-Nodule Organogenesis	Nodule Organogenesis	MtKNAT3/MtKNAT5/MtKNAT9/MtKNAT10	MtKNOX5	MtKNOX5	KNOX transcription factor	Homeodomain-TALE-KNOX	transcription factor	GO:0005634;GO:0000978;GO:0000981;GO:0006357						PMID:26351356	"putative Homeobox domain, ELK domain, Homeobox-like domain superfamily"	KNOX transcription factor	PMID:26351356
MtrunA17Chr4g0065241	MtrunA17Chr4g0065241-Nodule Organogenesis	Nodule Organogenesis	MtKNAT3/MtKNAT5/MtKNAT9/MtKNAT10	MtKNOX9	MtKNOX9	KNOX transcription factor	Homeodomain-TALE-KNOX	transcription factor	GO:0005634;GO:0000978;GO:0000981;GO:0006357						PMID:26351356	"putative Homeobox domain, ELK domain, Homeobox-like domain superfamily"	KNOX transcription factor	PMID:26351356
MtrunA17Chr1g0147631	MtrunA17Chr1g0147631-Nodule Organogenesis	Nodule Organogenesis	MtNIP/MtLATD/MtNPF1.7	MtLATD/NIP|MtNPF1.7	MtLATD/NIP|MtNPF1.7	lateral root organ defective/NUMEROUS INFECTIONS AND POLYPHENOLICS|NRT1/ PTR FAMILY|nitrate / peptide transporter family			GO:0015112;GO:0055085;GO:0015706;GO:0016021;GO:0010015;GO:0005886;GO:0042128						PMID:25192698|PMID:27375649	"putative proton-dependent oligopeptide transporter family, MFS transporter superfamily"	lateral root organ defective/NUMEROUS INFECTIONS AND POLYPHENOLICS|NRT1/ PTR FAMILY|nitrate / peptide transporter family	PMID:25192698|PMID:27375649
MtrunA17Chr7g0241841	MtrunA17Chr7g0241841-Nodule Organogenesis	Nodule Organogenesis	PvBPS1	MtLAX2	MtLAX2	Like Aux1 (auxin influx carrier)-2 (AY115843)			GO:0005886;GO:0016021;GO:0015293;GO:0006865;GO:0009734;GO:0055085						PMID:15375694	"putative amino acid transporter, transmembrane domain"	Like Aux1 (auxin influx carrier)-2 (AY115843)	PMID:15375694
MtrunA17Chr7g0241841	MtrunA17Chr7g0241841-Nodule Organogenesis	Nodule Organogenesis	PvBPS1	MtLAX2	MtLAX2	Like Aux1 (auxin influx carrier)-2 (AY115843)			GO:0005886;GO:0016021;GO:0015293;GO:0006865;GO:0009734;GO:0055085						PMID:15375694	"putative amino acid transporter, transmembrane domain"	Like Aux1 (auxin influx carrier)-2 (AY115843)	PMID:15375694
MtrunA17Chr1g0196911	MtrunA17Chr1g0196911-Nodule Organogenesis	Nodule Organogenesis	"MtLIN, LjLIN"	MtLIN|MtPUB9	MtLIN|MtPUB9	lumpy infections|Plant U-box protein 9	WD40-like	transcription factor	GO:0004842;GO:0005515;GO:0016746;GO:0009877;GO:0016567				sp|D1FP53|LIN_MEDTR	3069	PMID:19776163|PMID:28771553	"putative U-box domain, armadillo-like helical, Zinc finger, RING/FYVE/PHD-type"	lumpy infections|Plant U-box protein 9	PMID:19776163|PMID:28771553
MtrunA17Chr7g0264181	MtrunA17Chr7g0264181-Nodule Organogenesis	Nodule Organogenesis	MtLOG1	MtLOG1	MtLOG1	cytokinin biosynthesis			GO:0005634;GO:0005829;GO:0102682;GO:0009691						PMID:24443934	putative LOG family	cytokinin biosynthesis	PMID:24443934
MtrunA17Chr7g0236391	MtrunA17Chr7g0236391-Defense	Defense	MtRSD	MtLP11	MtLP11	LEED..PEED family			GO:0016021						PMID:29030416		LEED..PEED family	PMID:29030416
MtrunA17Chr5g0413071	MtrunA17Chr5g0413071-Early signaling	Early signaling	LjEPR3	MtLYK10	MtLYK10	LysM domain-containing receptor-like kinase 10 (EPR3 / exopolysaccharide receptor)			GO:0005524;GO:0019199;GO:0045087;GO:0016021;GO:0006468;GO:0005886	2.7.11.1	putative non-specific serine/threonine protein kinase	RLK-Pelle_LysM			PMID:16844829	"putative serine/threonine-protein kinase, active"	LysM domain-containing receptor-like kinase 10 (EPR3 / exopolysaccharide receptor)	PMID:16844829
MtrunA17Chr5g0439631	MtrunA17Chr5g0439631-Early signaling	Early signaling	MtPNO1-like	MtLYK3	MtLYK3	LysM domain-containing receptor-like kinase 3			GO:0005524;GO:0005515;GO:0019199;GO:0045087;GO:0009609;GO:0016021;GO:0046777;GO:0106311;GO:0009877;GO:0005886;GO:0106310;GO:0005775	2.7.11.1	putative non-specific serine/threonine protein kinase	RLK-Pelle_LysM	sp|Q6UD73|LYK3_MEDTR	1278	PMID:12947035	"putative serine/threonine-protein kinase, active"	LysM domain-containing receptor-like kinase 3	PMID:12947035
MtrunA17Chr5g0439571	MtrunA17Chr5g0439571-Early signaling	Early signaling	"LjNFR1, MtLYK3"	MtLYK6	MtLYK6	LysM domain-containing receptor-like kinase 6			GO:0005524;GO:0019199;GO:0045087;GO:0016021;GO:0004674;GO:0006468	2.7.11.1	putative non-specific serine/threonine protein kinase	RLK-Pelle_LysM			PMID:12947035	"putative serine/threonine-protein kinase, active"	LysM domain-containing receptor-like kinase 6	PMID:12947035
MtrunA17Chr4g0045841	MtrunA17Chr4g0045841-Nodule Organogenesis	Nodule Organogenesis	LjMPK6	MtMAPK6	MtMAPK6	MAP kinase			GO:0051301;GO:0005634;GO:0005524;GO:0000165;GO:0005737;GO:0000746;GO:0004707;GO:0006468;GO:0106311;GO:0106310;GO:0007049	2.7.11.24	putative mitogen-activated protein kinase	CMGC_MAPK			PMID:24317362	"putative serine/threonine-protein kinase, active"	MAP kinase	PMID:24317362
MtrunA17Chr4g0000481	MtrunA17Chr4g0000481-Early signaling	Early signaling	LjSIP2	MtMAPKK4|MtMPKK5	MtMAPKK4|MtMPKK5	mitogen-activated protein kinase kinase  (LjSIP2-like)			GO:0000187;GO:0005634;GO:0005524;GO:0043161;GO:0005737;GO:0004708;GO:0006289;GO:0004674;GO:0018105;GO:0003684	2.7.12.2	putative mitogen-activated protein kinase kinase	STE_STE7			PMID:24317362|PMID:27935060|PMID:28152300	"putative serine/threonine-protein kinase, active"	mitogen-activated protein kinase kinase  (LjSIP2-like)	PMID:24317362|PMID:27935060|PMID:28152300
MtrunA17Chr8g0352151	MtrunA17Chr8g0352151-Nodule Metabolism and Transport	Nodule Metabolism and Transport	PvANN1	MtMATE68	MtMATE68	multidrug and toxic compound extrusion family			GO:0015137;GO:0042910;GO:0055085;GO:0015297;GO:0016021;GO:0042908;GO:0015746;GO:0005886						PMID:28052433	putative multi antimicrobial extrusion protein	multidrug and toxic compound extrusion family	PMID:28052433
MtrunA17Chr3g0088471	MtrunA17Chr3g0088471-Nodule Metabolism and Transport	Nodule Metabolism and Transport	LjMATE1	MtMATE69	MtMATE69	multidrug and toxic compound extrusion family			GO:0015137;GO:0042910;GO:0055085;GO:0015297;GO:0016021;GO:0042908;GO:0015746;GO:0005886						PMID:28052433	putative multi antimicrobial extrusion protein	multidrug and toxic compound extrusion family	PMID:28052433
MtrunA17Chr1g0148521	MtrunA17Chr1g0148521-Nodule Metabolism and Transport	Nodule Metabolism and Transport	MtMOT1.2	MtMOT1.2	MtMOT1.2	Molybdate transporter			GO:0016021;GO:0015098;GO:0015689						PMID:28805962	putative molybdate transporter 1/2	Molybdate transporter	PMID:28805962
MtrunA17Chr3g0105081	MtrunA17Chr3g0105081-Nodule Metabolism and Transport	Nodule Metabolism and Transport	MtMOT1.3	MtMOT1.3	MtMOT1.3	Molybdate transporter			GO:0016021;GO:0015098;GO:0015689						PMID:28805962	putative molybdate transporter 1/2	Molybdate transporter	PMID:28805962
MtrunA17Chr4g0032191	MtrunA17Chr4g0032191-Nodule Metabolism and Transport	Nodule Metabolism and Transport	MtMTP2	MtMTP2	MtMTP2	Metal Tolerance Protein 2			GO:0005385;GO:0016021;GO:0071577;GO:0005773;GO:0005886						DOI:10.3389/fpls.2018.00990	putative cation efflux protein	Metal Tolerance Protein 2	DOI:10.3389/fpls.2018.00990
MtrunA17Chr4g0042561	MtrunA17Chr4g0042561-Senescence	Senescence	MtNAC969	MtNAC969	MtNAC969	NAC domain containing protein 969	NAM	transcription factor	GO:0003677;GO:0006355						PMID:22098255	putative NAC domain	NAC domain containing protein 969	PMID:22098255
MtrunA17Chr7g0222521	MtrunA17Chr7g0222521-Defense	Defense	MtFNSII	MtNAD1	MtNAD1	Nodules with Activated Defense 1			GO:0016021						PMID:27245091		Nodules with Activated Defense 1	PMID:27245091
MtrunA17Chr7g0229931	MtrunA17Chr7g0229931-Bacterial Maturation	Bacterial Maturation	LjCCD7	MtNCR169	MtNCR169	Nodule-specific Cysteine-Rich peptide (corresponds to dnf7 mutation)									PMID:28438996|PMID:29030416		Nodule-specific Cysteine-Rich peptide (corresponds to dnf7 mutation)	PMID:28438996|PMID:29030416
MtrunA17Chr1g0177091	MtrunA17Chr1g0177091-Rhizobial Infection	Rhizobial Infection	MtNF-YA1	MtNF-YA1	MtNF-YA1	nuclear factor Y subunit A1	Hap2/NF-YA	transcription factor	GO:0005634;GO:0000978;GO:0000981;GO:0006357						PMID:17114582	putative nuclear transcription factor Y subunit A	nuclear factor Y subunit A1	PMID:17114582
MtrunA17Chr7g0272991	MtrunA17Chr7g0272991-Nodule Organogenesis	Nodule Organogenesis	LjPIR	MtNF-YC2	MtNF-YC2	nuclear factor Y subunit C2	Hap3/NF-YB	transcription factor	GO:0005634;GO:0001228;GO:0046982;GO:0045944						PMID:22939172	"putative transcription factor CBF/NF-Y/archaeal histone domain, histone-fold"	nuclear factor Y subunit C2	PMID:22939172
MtrunA17Chr5g0403371	MtrunA17Chr5g0403371-Early signaling	Early signaling	LjNFR5	MtNFP	MtNFP	Nod factor perception			GO:0018108;GO:0005524;GO:0002237;GO:0004713;GO:0005515;GO:1900150;GO:0006486;GO:0016021;GO:0005886;GO:0009877;GO:1902290;GO:0005775	2.7.11.1	putative non-specific serine/threonine protein kinase	RLK-Pelle_LysM	sp|Q0GXS4|NFP_MEDTR	1220	PMID:16844829	"putative tyrosine-protein kinase, active"	Nod factor perception	PMID:16844829
MtrunA17Chr5g0448621	MtrunA17Chr5g0448621-Nodule Organogenesis	Nodule Organogenesis	LjKLV	MtNIN	MtNIN	NODULE INCEPTION	Nin-like	transcription factor	GO:0003700;GO:0005515						PMID:15542588	"putative PB1 domain, RWP-RK domain, protein NLP"	NODULE INCEPTION	PMID:15542588
MtrunA17Chr3g0143921	MtrunA17Chr3g0143921-Nodule Organogenesis	Nodule Organogenesis	MtNLP1	MtNLP1	MtNLP1	NIN-like protein 1 (MtNLP5|PMID:24987011)	Nin-like	transcription factor	GO:0003700;GO:0005515						PMID:30297831	"putative PB1 domain, RWP-RK domain, protein NLP"	NIN-like protein 1 (MtNLP5|PMID:24987011)	PMID:30297831
MtrunA17Chr1g0203081	MtrunA17Chr1g0203081-Autoregulation of Nodule Number	Autoregulation of Nodule Number	LjNRSYM1	MtNLP4	MtNLP4	NIN-like protein 4 (MtNLP3 |PMID:24987011)	Nin-like	transcription factor	GO:0003700;GO:0005515						PMID:30297831	"putative PB1 domain, RWP-RK domain, protein NLP"	NIN-like protein 4 (MtNLP3 |PMID:24987011)	PMID:30297831
MtrunA17Chr5g0393841	MtrunA17Chr5g0393841-Nodule Metabolism and Transport	Nodule Metabolism and Transport	GmNMNa	MtNMN1	MtNMN1	Nucleolar/Mitochondrial protein involved in Nodulation									PMID:25527707		Nucleolar/Mitochondrial protein involved in Nodulation	PMID:25527707
MtrunA17Chr7g0256321	MtrunA17Chr7g0256321-Nodule Organogenesis	Nodule Organogenesis	GmPT5	MtNOOT1	MtNOOT1	NODULE ROOT 1	ABTB	chromatin remodeling & transcription regulator	GO:0005634;GO:0005515;GO:0009908;GO:0009864;GO:0010865;GO:0009877;GO:0016567				sp|Q2HW56|NOOT1_MEDTR	993	PMID:26390061	putative regulatory protein NPR5/6	NODULE ROOT 1	PMID:26390061
MtrunA17Chr3g0123331	MtrunA17Chr3g0123331-Rhizobial Infection	Rhizobial Infection	LjNPL	MtNPL	MtNPL	nodulation pectate lyase (LjNPL orthologue)			GO:0005618;GO:0030570;GO:0046872;GO:0045490	4.2.2.2	putative pectate lyase				PMID:22203959	"putative pectate lyase, pectin lyase/virulence factor"	nodulation pectate lyase (LjNPL orthologue)	PMID:22203959
MtrunA17Chr3g0124971	MtrunA17Chr3g0124971-Nodule Metabolism and Transport	Nodule Metabolism and Transport	MtNRAMP	MtNRAMP1	MtNRAMP1	Natural Resistance-Associated Macrophage Protein1 (iron uptake)			GO:0070574;GO:0071421;GO:0015086;GO:0016021;GO:0005384						PMID:25818701	putative NRAMP family	Natural Resistance-Associated Macrophage Protein1 (iron uptake)	PMID:25818701
MtrunA17Chr8g0344101	MtrunA17Chr8g0344101-Early signaling	Early signaling	LjMATE1	MtNSP1	MtNSP1	Nodulation Signaling Pathway 1	GRAS	transcription factor	GO:0005634;GO:0016021;GO:0003700;GO:0043565;GO:0006355;GO:0009877;GO:0042446;GO:2000032				sp|Q4VYC8|NSP1_MEDTR	1152	PMID:15961669	putative transcription factor GRAS	Nodulation Signaling Pathway 1	PMID:15961669
MtrunA17Chr3g0114841	MtrunA17Chr3g0114841-Early signaling	Early signaling	MtNSP2	MtNSP2	MtNSP2	Nodulation Signaling Pathway 2	GRAS	transcription factor	GO:0005783;GO:0031965;GO:0003700;GO:0005515;GO:0043565;GO:0006355;GO:0009877				sp|Q5NE24|NSP2_MEDTR	1051	PMID:15961668	putative transcription factor GRAS	Nodulation Signaling Pathway 2	PMID:15961668
MtrunA17Chr5g0398211	MtrunA17Chr5g0398211-Senescence	Senescence	MtSGR	MtNYE1	MtNYE1	"non-yellowing 1 (=stay green 1, SG1)"			GO:0009507;GO:0010271						PMID:25922487	putative staygreen protein	"non-yellowing 1 (=stay green 1, SG1)"	PMID:25922487
MtrunA17Chr2g0294361	MtrunA17Chr2g0294361-Nodule Organogenesis	Nodule Organogenesis	LjPHYB	MtPHYB	MtPHYB	phytochrome  B			GO:0000155;GO:0005634;GO:0017009;GO:0042803;GO:0009585;GO:0009881;GO:0009584;GO:0000160;GO:0018298;GO:0006355;GO:0016310						PMID:34528312	"putative PAS domain, phytochrome, GAF domain, histidine kinase/HSP90-like ATPase"	phytochrome  B	PMID:34528312
MtrunA17Chr4g0034301	MtrunA17Chr4g0034301-Rhizobial Infection	Rhizobial Infection	LjGLB1	MtPhytogb1.1|MtGlb1-1	MtPhytogb1.1|MtGlb1-1	non-symbiotic hemoglobin (ns-Hb)			GO:0005737;GO:0016363;GO:0005344;GO:0019825;GO:0020037;GO:0046872;GO:0015671						PMID:32003030|PMID:32442331	putative Globin-like superfamily	non-symbiotic hemoglobin (ns-Hb)	PMID:32003030|PMID:32442331
MtrunA17Chr4g0071571	MtrunA17Chr4g0071571-Nodule Organogenesis	Nodule Organogenesis	MtPIN2/MtPIN3/MtPIN4	MtPIN2	MtPIN2	PIN-FORMED auxin efflux carrier component			GO:0010252;GO:0055085;GO:0005783;GO:0000323;GO:0009723;GO:0009926;GO:0009749;GO:0009958;GO:0009925;GO:0001666;GO:0010329;GO:0016021;GO:0010315						PMID:15375694	putative membrane transport protein	PIN-FORMED auxin efflux carrier component	PMID:15375694
MtrunA17Chr1g0160461	MtrunA17Chr1g0160461-Nodule Organogenesis	Nodule Organogenesis	MtPIN2/MtPIN3/MtPIN4	MtPIN3	MtPIN3	PIN-FORMED auxin efflux carrier component			GO:0009926;GO:0010252;GO:0055085;GO:0010329;GO:0016021;GO:0005783;GO:0010315;GO:0005886						PMID:15375694	putative membrane transport protein	PIN-FORMED auxin efflux carrier component	PMID:15375694
MtrunA17Chr6g0478431	MtrunA17Chr6g0478431-Nodule Organogenesis	Nodule Organogenesis	LjNENA	MtPIN4	MtPIN4	PIN-FORMED auxin efflux carrier component			GO:0009926;GO:0010252;GO:0055085;GO:0010329;GO:0016021;GO:0005783;GO:0010315;GO:0005886						PMID:15375694	putative membrane transport protein	PIN-FORMED auxin efflux carrier component	PMID:15375694
MtrunA17Chr2g0328971	MtrunA17Chr2g0328971-Nodule Organogenesis	Nodule Organogenesis	MtPLT1/MtPLT2/MtPLT3/MtPLT4	MtPLT1	MtPLT1	plethora 1 (in situ hybridization in PMID:24483147)	AP2-EREBP	transcription factor	GO:0005634;GO:0003677;GO:0003700;GO:0006355						PMID:26253408	"putative AP2/ERF domain, DNA-binding domain superfamily, AP2/ERF domain superfamily"	plethora 1 (in situ hybridization in PMID:24483147)	PMID:26253408
MtrunA17Chr4g0032631	MtrunA17Chr4g0032631-Nodule Organogenesis	Nodule Organogenesis	MtPLT1/MtPLT2/MtPLT3/MtPLT4	MtPLT2	MtPLT2	plethora 2 (ERF transcription factor)	AP2-EREBP	transcription factor	GO:0005634;GO:0003677;GO:0003700;GO:0006355						PMID:26253408	"putative AP2/ERF domain, DNA-binding domain superfamily, AP2/ERF domain superfamily"	plethora 2 (ERF transcription factor)	PMID:26253408
MtrunA17Chr5g0412151	MtrunA17Chr5g0412151-Nodule Organogenesis	Nodule Organogenesis	MtPLT1/MtPLT2/MtPLT3/MtPLT4	MtPLT3	MtPLT3	plethora ERF	AP2-EREBP	transcription factor	GO:0005634;GO:0003677;GO:0003700;GO:0006355						PMID:26253408	"putative AP2/ERF domain, DNA-binding domain superfamily, AP2/ERF domain superfamily"	plethora ERF	PMID:26253408
MtrunA17Chr7g0249621	MtrunA17Chr7g0249621-Nodule Organogenesis	Nodule Organogenesis	MtCHS	MtPLT4|MtBBM	MtPLT4|MtBBM	plethora ERF|BABYBOOM	AP2-EREBP	transcription factor	GO:0005634;GO:0003677;GO:0003700;GO:0006355;GO:0006952						PMID:26253408|PMID:33299183	"putative AP2/ERF domain, DNA-binding domain superfamily, AP2/ERF domain superfamily"	plethora ERF|BABYBOOM	PMID:26253408|PMID:33299183
MtrunA17Chr7g0261231	MtrunA17Chr7g0261231-Nodule Metabolism and Transport	Nodule Metabolism and Transport	LjIGN1	MtPT12	MtPT12	phosphate transporter			GO:0005315;GO:0055085;GO:0006817;GO:0016021;GO:0015293;GO:0016787	7.3.2.1	putative ABC-type phosphate transporter				PMID:27375649	"putative major facilitator, sugar transporter, major facilitator superfamily domain"	phosphate transporter	PMID:27375649
MtrunA17Chr1g0186821	MtrunA17Chr1g0186821-Nodule Metabolism and Transport	Nodule Metabolism and Transport	GmPT7	MtPT5	MtPT5	phosphate transporter			GO:0005315;GO:0055085;GO:0006817;GO:0016021;GO:0015293;GO:0016787	7.3.2.1	putative ABC-type phosphate transporter				PMID:27375649	"putative major facilitator, sugar transporter, major facilitator superfamily domain"	phosphate transporter	PMID:27375649
MtrunA17Chr5g0437411	MtrunA17Chr5g0437411-Early signaling	Early signaling	MtFER2	MtPUB1|MtPUB45	MtPUB1|MtPUB45	Plant U-box protein 1	C2H2	transcription factor	GO:0005634;GO:0036377;GO:0002237;GO:0016746;GO:0061630;GO:0005515;GO:0005737;GO:0009609;GO:0009610;GO:0009877;GO:0005886;GO:0016567				sp|E4NKF8|PUB1_MEDTR	1413	PMID:20971894|PMID:28771553	"putative U-box domain, armadillo-like helical, Zinc finger, RING/FYVE/PHD-type"	Plant U-box protein 1	PMID:20971894|PMID:28771553
MtrunA17Chr4g0004661	MtrunA17Chr4g0004661-Symbiosome formation	Symbiosome formation	MtRab7a1/MtRab7a2	MtRab7A1	MtRab7A1	Ras-related protein			GO:0005774;GO:0003924;GO:0004767;GO:0005525						PMID:19734435	putative small GTP-binding protein domain	Ras-related protein	PMID:19734435
MtrunA17Chr4g0034871	MtrunA17Chr4g0034871-Symbiosome formation	Symbiosome formation	MtRab7a1/MtRab7a2	MtRab7A2	MtRab7A2	Ras-related protein			GO:0005774;GO:0005886;GO:0003924;GO:0005525;GO:0015031						PMID:19734435	putative small GTP-binding protein domain	Ras-related protein	PMID:19734435
MtrunA17Chr7g0272591	MtrunA17Chr7g0272591-Rhizobial Infection	Rhizobial Infection	PvNF-YC1	MtRbohG	MtRbohG	RESPIRATORY BURST OXIDASE HOMOLOG G			GO:0004601;GO:0005509;GO:0016174;GO:0016021;GO:0098869;GO:0005886	1.6.3.1	putative NAD(P)H oxidase (H(2)O(2)-forming)				PMID:25192698	"putative cytochrome b245, heavy chain, EF-hand domain, EF-hand domain pair"	RESPIRATORY BURST OXIDASE HOMOLOG G	PMID:25192698
MtrunA17Chr5g0441831	MtrunA17Chr5g0441831-Autoregulation of Nodule Number	Autoregulation of Nodule Number	MtN5	MtRDN1	MtRDN1	ROOT DETERMINED NODULATION 1			GO:0016021;GO:0102562;GO:0000139				sp|E9KID3|NOD3_PEA	634	PMID:21742814	putative glycosyltransferase HPAT/SRGT1	ROOT DETERMINED NODULATION 1	PMID:21742814
MtrunA17Chr8g0371501	MtrunA17Chr8g0371501-Rhizobial Infection	Rhizobial Infection	GmSGF14c/GmSGF14l	MtROP5	MtROP5	Rho-related GTPase 5 (AF498358)			GO:0008360;GO:0019901;GO:0009860;GO:0007264;GO:0007163;GO:0005730;GO:0042995;GO:0005886;GO:0009524;GO:0005525;GO:0030833;GO:0030865;GO:0030834;GO:0045177;GO:0051650;GO:0003924;GO:0005938;GO:0005819;GO:0031410;GO:0032794;GO:0017157						PMID:20590994	putative small GTP-binding protein domain	Rho-related GTPase 5 (AF498358)	PMID:20590994
MtrunA17Chr1g0197491	MtrunA17Chr1g0197491-Rhizobial Infection	Rhizobial Infection	MtRPG	MtRPG	MtRPG	Rhizobium-directed polar growth			GO:0005634						PMID:18621693	putative NT-type C2 domain	Rhizobium-directed polar growth	PMID:18621693
MtrunA17Chr3g0082861	MtrunA17Chr3g0082861-Nodule Organogenesis	Nodule Organogenesis	MtRR5MtRR9/MtRR11	MtRRA9|MtRR9	MtRRA9|MtRR9	type-A response regulator	RR-A-type	response regulator and putative novel transcription factor	GO:0009507;GO:0003849;GO:0016301;GO:0000160;GO:0008652;GO:0009073;GO:0009423;GO:0009736;GO:0016310						PMID:31088345|PMID:22034625	"putative signal transduction response regulator, receiver domain, CheY-like superfamily"	type-A response regulator	PMID:31088345|PMID:22034625
MtrunA17Chr3g0082861	MtrunA17Chr3g0082861-Nodule Organogenesis	Nodule Organogenesis	MtRR5MtRR9/MtRR11	MtRRA9|MtRR9	MtRRA9|MtRR9	type-A response regulator	RR-A-type	response regulator and putative novel transcription factor	GO:0009507;GO:0003849;GO:0016301;GO:0000160;GO:0008652;GO:0009073;GO:0009423;GO:0009736;GO:0016310						PMID:31088345|PMID:22034625	"putative signal transduction response regulator, receiver domain, CheY-like superfamily"	type-A response regulator	PMID:31088345|PMID:22034625
MtrunA17Chr4g0072901	MtrunA17Chr4g0072901-Rhizobial Infection	Rhizobial Infection	MtSPK1	MtSPK|MtKIN2	MtSPK|MtKIN2	Symbiotic Protein Kinase 1			GO:0018108;GO:0005524;GO:0004715;GO:0004714;GO:0004674;GO:0005886	2.7.10.2	putative non-specific protein-tyrosine kinase	RLK-Pelle_RLCK-XV			PMID:23347006|PMID:27249190	"putative serine/threonine-protein kinase, active"	Symbiotic Protein Kinase 1	PMID:23347006|PMID:27249190
MtrunA17Chr4g0070011	MtrunA17Chr4g0070011-Nodule Metabolism and Transport	Nodule Metabolism and Transport	LjSUS1/LjSUS3	MtSUCS1	MtSUCS1	sucrose synthase 1			GO:0016157;GO:0005985	2.4.1.13	putative sucrose synthase				PMID:25527707	"putative sucrose synthase, glycosyl transferase, family 1, sucrose synthase, plant/cyanobacteria"	sucrose synthase 1	PMID:25527707
MtrunA17Chr4g0070011	MtrunA17Chr4g0070011-Nodule Metabolism and Transport	Nodule Metabolism and Transport	LjSUS1/LjSUS3	MtSUCS1	MtSUCS1	sucrose synthase 1			GO:0016157;GO:0005985	2.4.1.13	putative sucrose synthase				PMID:25527707	"putative sucrose synthase, glycosyl transferase, family 1, sucrose synthase, plant/cyanobacteria"	sucrose synthase 1	PMID:25527707
MtrunA17Chr6g0485191	MtrunA17Chr6g0485191-Nodule Metabolism and Transport	Nodule Metabolism and Transport	MtCRN	MtSULTR3.5	MtSULTR3.5	sulfate transporter			GO:0005887;GO:0008271;GO:0015301;GO:1902358						PMID:22535379	"putative SLC26A/SulP transporter, STAS domain, sulphate anion transporter, STAS domain superfamily"	sulfate transporter	PMID:22535379
MtrunA17Chr4g0035464	MtrunA17Chr4g0035464-Autoregulation of Nodule Number	Autoregulation of Nodule Number	LjHAR1	MtSUNN	MtSUNN	supernumeric nodules (CLV1-like receptor like protein)			GO:0005524;GO:0016021;GO:0030154;GO:0006468;GO:0040008;GO:0106311;GO:0033612;GO:0005886;GO:0106310	2.7.-.-	putative transferase	RLK-Pelle_LRR-XI-1	sp|G7JIK2|SUNN_MEDTR	1994	PMID:16240175	"putative serine/threonine-protein kinase, active"	supernumeric nodules (CLV1-like receptor like protein)	PMID:16240175
MtrunA17Chr3g0119041	MtrunA17Chr3g0119041-Defense	Defense	MtSymCRK	MtSymCRK	MtSymCRK	symbiotic cys-rich receptor-like kinase			GO:0005524;GO:0016021;GO:0004674;GO:0006468;GO:0042742;GO:0005886	2.7.11.1	putative non-specific serine/threonine protein kinase	RLK-Pelle_DLSV			PMID:24916161	"putative serine/threonine-protein kinase, active"	symbiotic cys-rich receptor-like kinase	PMID:24916161
MtrunA17Chr8g0386521	MtrunA17Chr8g0386521-Symbiosome formation	Symbiosome formation	MtγECS	MtSYMREM1|MtREM2.2	MtSYMREM1|MtREM2.2	symbiotic remorin 1|remorin 2.2									PMID:20133878|PMID:17984200	putative remorin	symbiotic remorin 1|remorin 2.2	PMID:20133878|PMID:17984200
MtrunA17Chr2g0322801	MtrunA17Chr2g0322801-Symbiosome formation	Symbiosome formation	MtSYP132	MtSYP132	MtSYP132	syntaxin of plants 132|plasma membrane SNARE|TC86779|symbiosome mb			GO:0006906;GO:0048278;GO:0005484;GO:0016021;GO:0012505;GO:0031201;GO:0000149;GO:0006886;GO:0006887;GO:0005886						PMID:16944200	"putative target SNARE coiled-coil domain, syntaxin domain"	syntaxin of plants 132|plasma membrane SNARE|TC86779|symbiosome mb	PMID:16944200
MtrunA17Chr4g0037111	MtrunA17Chr4g0037111-Symbiosome formation	Symbiosome formation	MtSYT1/MtSYT2; MtSYT2/MtSYT3	MtSYT1	MtSYT1	synaptotagmin 1			GO:0005783;GO:0016021;GO:0003899;GO:0008289;GO:0006869;GO:0032774						PMID:28265280	"putative C2 domain, synaptotagmin-like mitochondrial-lipid-binding domain, C2 domain superfamily"	synaptotagmin 1	PMID:28265280
MtrunA17Chr1g0156811	MtrunA17Chr1g0156811-Symbiosome formation	Symbiosome formation	MtSYT1/MtSYT2; MtSYT2/MtSYT3	MtSYT2	MtSYT2	synaptotagmin 2			GO:0005783;GO:0016021;GO:0003899;GO:0008289;GO:0006869;GO:0032774						PMID:28265280	"putative C2 domain, synaptotagmin-like mitochondrial-lipid-binding domain, C2 domain superfamily"	synaptotagmin 2	PMID:28265280
MtrunA17Chr1g0199571	MtrunA17Chr1g0199571-Symbiosome formation	Symbiosome formation	MtSYT1/MtSYT2; MtSYT2/MtSYT3	MtSYT3	MtSYT3	synaptotagmin 3			GO:0005783;GO:0016021;GO:0003899;GO:0008289;GO:0006869;GO:0032774						PMID:28265280	"putative C2 domain, synaptotagmin-like mitochondrial-lipid-binding domain, C2 domain superfamily"	synaptotagmin 3	PMID:28265280
MtrunA17Chr4g0030861	MtrunA17Chr4g0030861-Symbiosome formation	Symbiosome formation	MtTIP1g	MtTIP1g	MtTIP1g	tonoplast intrinsic protein 1f (aquaporin)			GO:0006833;GO:0055085;GO:0015250;GO:0016021						PMID:25217511	putative major intrinsic protein	tonoplast intrinsic protein 1f (aquaporin)	PMID:25217511
MtrunA17Chr7g0225551	MtrunA17Chr7g0225551-Autoregulation of Nodule Number	Autoregulation of Nodule Number	MtDNF7	MtTML1	MtTML1	TOO MUCH LOVE 1			GO:0005634;GO:0005829;GO:0003887;GO:0005515;GO:0071897						PMID:30753553	putative kelch-type beta propeller	TOO MUCH LOVE 1	PMID:30753553
MtrunA17Chr6g0459491	MtrunA17Chr6g0459491-Autoregulation of Nodule Number	Autoregulation of Nodule Number	MtVPY	MtTML2	MtTML2	TOO MUCH LOVE 2			GO:0005829;GO:0005515						PMID:30753553	putative kelch-type beta propeller	TOO MUCH LOVE 2	PMID:30753553
MtrunA17Chr1g0161531	MtrunA17Chr1g0161531-Nodule Organogenesis	Nodule Organogenesis	GmINS1	MtTPS2	MtTPS2	trehalose phosphate synthase 2			GO:0003825;GO:0004805;GO:0005829;GO:0005992;GO:0016311	2.4.1.15;3.1.3.12	"putative alpha,alpha-trehalose-phosphate synthase (UDP-forming), Trehalose-phosphatase"				PMID:33848573	"putative glycosyl transferase, family 20, HAD-superfamily hydrolase, subfamily IIB, HAD superfamily"	trehalose phosphate synthase 2	PMID:33848573
MtrunA17Chr2g0291651	MtrunA17Chr2g0291651-Symbiosome formation	Symbiosome formation	MtVAMP721d/MtVAMP721e	MtVAMP721d	MtVAMP721d	vesicle-associated membrane protein 721d			GO:0016021;GO:0016192						PMID:22566631	"putative Longin domain, v-SNARE, coiled-coil domain"	vesicle-associated membrane protein 721d	PMID:22566631
MtrunA17Chr4g0043521	MtrunA17Chr4g0043521-Symbiosome formation	Symbiosome formation	MtVAMP721d/MtVAMP721e	MtVAMP721e	MtVAMP721e	vesicle-associated membrane protein 721e			GO:0016021;GO:0016192						PMID:22566631	"putative Longin domain, v-SNARE, coiled-coil domain"	vesicle-associated membrane protein 721e	PMID:22566631
MtrunA17Chr1g0151801	MtrunA17Chr1g0151801-Senescence	Senescence	MtVPE	MtVPE	MtVPE	"Chitinase, vacuole processing enzyme"			GO:0006624;GO:0004197;GO:0005773;GO:0051603	3.4.22.34	putative legumain				PMID:27245091	"putative peptidase C13, legumain"	"Chitinase, vacuole processing enzyme"	PMID:27245091
MtrunA17Chr5g0413431	MtrunA17Chr5g0413431-Rhizobial Infection	Rhizobial Infection	PvPI3K	MtVPS34	MtVPS34	Vacuolar sorting protein 34			GO:0034272;GO:0034271;GO:0009651;GO:0000407;GO:0036092;GO:0006897;GO:0000045;GO:0072593;GO:0005524;GO:0005777;GO:0005768;GO:0048015;GO:0055046;GO:0030242;GO:0016310;GO:0016303	2.7.1.137	putative phosphatidylinositol 3-kinase				PMID:34824334	putative MHC classes I/II-like antigen recognition protein	Vacuolar sorting protein 34	PMID:34824334
MtrunA17Chr4g0050851	MtrunA17Chr4g0050851-Autoregulation of Nodule Number	Autoregulation of Nodule Number	LjSEN1	MtVTL8/SEN1	MtVTL8/SEN1	Vacuolar iron Transporter-Like protein 8			GO:0016021;GO:0005381;GO:0005384;GO:0006880;GO:0009877;GO:0030026;GO:0034755;GO:0071421						PMID:32521047|PMID:27245091	putative Ccc1 family	Vacuolar iron Transporter-Like protein 8	PMID:32521047|PMID:27245091
MtrunA17Chr4g0043491	MtrunA17Chr4g0043491-Nodule Metabolism and Transport	Nodule Metabolism and Transport	MtZIP6	MtZIP6	MtZIP6	Zinc-Iron Permease 6			GO:0005385;GO:0016021;GO:0071577;GO:0005886						PMID:28732146	putative zinc/iron permease	Zinc-Iron Permease 6	PMID:28732146
MtrunA17Chr3g0134711	MtrunA17Chr3g0134711-Symbiosome formation	Symbiosome formation	MtZPT2	MtZPT2-1	MtZPT2-1	Kruppel-like (or TFIIIA) zinc finger protein (TC114184)	C2H2	transcription factor	GO:0003700;GO:0006355;GO:0010200						PMID:10691739	putative C2H2-type zinc-finger protein AZF1/2/3	Kruppel-like (or TFIIIA) zinc finger protein (TC114184)	PMID:10691739
MtrunA17Chr3g0123651	MtrunA17Chr3g0123651-Nodule Organogenesis	Nodule Organogenesis	MtZR1	MtZR1	MtZR1	"(MsZR1 orthologue|PRAF (PH, RCC1 and FYVE) protein family)"			GO:0010274						PMID:23961805	"putative protein MIZU-KUSSEI 1-like, plant"	"(MsZR1 orthologue|PRAF (PH, RCC1 and FYVE) protein family)"	PMID:23961805
MtrunA17Chr5g0447511	MtrunA17Chr5g0447511-Early signaling	Early signaling	LjNUP85	NUP133-like	NUP133-like	nucleoporin	WD40-like	transcription factor	GO:0031080;GO:0005515;GO:0017056;GO:0000972;GO:0006606;GO:0016973							putative nuclear pore complex protein Nup133	nucleoporin	
MtrunA17Chr5g0447511	MtrunA17Chr5g0447511-Early signaling	Early signaling	LjNUP85	NUP133-like	NUP133-like	nucleoporin	WD40-like	transcription factor	GO:0031080;GO:0005515;GO:0017056;GO:0000972;GO:0006606;GO:0016973							putative nuclear pore complex protein Nup133	nucleoporin	
MtrunA17Chr1g0181791	MtrunA17Chr1g0181791-Nodule Organogenesis	Nodule Organogenesis	LjSUNER1	TOP6A	TOP6A	DNA topoisomerase 6 subunit A (endoreduplication control)			GO:0000287;GO:0003677;GO:0005524;GO:0016889;GO:0007131;GO:0000706;GO:0009330;GO:0000228;GO:0006265;GO:0003918;GO:0042138	5.6.2.2	putative DNA topoisomerase (ATP-hydrolyzing)					"putative spo11/DNA topoisomerase VI subunit A, spo11/DNA topoisomerase VI, subunit A"	DNA topoisomerase 6 subunit A (endoreduplication control)	
MtrunA17Chr5g0393901	MtrunA17Chr5g0393901-Rhizobial Infection	Rhizobial Infection	PvTOR	TOR-like	TOR-like	"TARGET OF RAPAMYCIN (Serine/threonine-protein kinase TOR, cell growth regulator)"			GO:0009793;GO:0000976;GO:0009630;GO:0006468;GO:0043621;GO:0040019;GO:0044877;GO:1900459;GO:0005844;GO:0005524;GO:0031932;GO:0030307;GO:0045893;GO:2000234;GO:0010116;GO:0016311;GO:0031931;GO:0106311;GO:0106310;GO:0038202;GO:0042802;GO:1902661;GO:0009303;GO:1901355;GO:0009745;GO:0005634;GO:0010929;GO:0005737;GO:0016242;GO:0050687	2.7.11.1	putative non-specific serine/threonine protein kinase					putative serine/threonine-protein kinase TOR	"TARGET OF RAPAMYCIN (Serine/threonine-protein kinase TOR, cell growth regulator)"	
MtrunA17Chr1g0155781	MtrunA17Chr1g0155781-Senescence	Senescence	MtCYP15a	MtrunA17Chr1g0155781		Putative cathepsin L			GO:0005615;GO:0004197;GO:0051603;GO:0005764	3.4.22.15	putative cathepsin L					"putative cysteine peptidase, cysteine active, peptidase C1A, papain"		
MtrunA17Chr1g0159321	MtrunA17Chr1g0159321-Defense	Defense	GmSACPD-C	MtrunA17Chr1g0159321		Putative stearoyl-[acyl-carrier-protein] 9-desaturase			GO:0009570;GO:0102786;GO:0046872;GO:0045300;GO:0006633	1.14.19.2	putative stearoyl-[acyl-carrier-protein] 9-desaturase					"putative fatty acid desaturase, type 2, Ferritin-like superfamily, ribonucleotide reductase"		
MtrunA17Chr1g0168631	MtrunA17Chr1g0168631-Nodule Metabolism and Transport	Nodule Metabolism and Transport	LjAMT1.1	MtrunA17Chr1g0168631		"Putative ammonium transporter, ammonium/urea transporter"			GO:0008519;GO:0005887;GO:0072488							"putative ammonium transporter, ammonium/urea transporter"		
MtrunA17Chr1g0181391	MtrunA17Chr1g0181391-Symbiosome formation	Symbiosome formation	LjSYP71	MtrunA17Chr1g0181391		"Putative target SNARE coiled-coil domain, syntaxin/epimorphin"			GO:0009506;GO:0006906;GO:0048278;GO:0005484;GO:0016021;GO:0031201;GO:0005783;GO:0000149;GO:0006612;GO:0005886							"putative target SNARE coiled-coil domain, syntaxin/epimorphin"		
MtrunA17Chr1g0184941	MtrunA17Chr1g0184941-Nodule Organogenesis	Nodule Organogenesis	"GmGγ1/GmGγ2/GmGγ3/GmGγ4/GmGγ5/GmGγ6/GmGγ7/GmGγ8/GmGγ9,GmGγ10"	MtrunA17Chr1g0184941		Putative G-protein gamma			GO:0007186							putative G-protein gamma-like domain		
MtrunA17Chr1g0205281	MtrunA17Chr1g0205281-Rhizobial Infection	Rhizobial Infection	pvNod22	MtrunA17Chr1g0205281		putative protein												
MtrunA17Chr2g0280161	MtrunA17Chr2g0280161-Nodule Metabolism and Transport	Nodule Metabolism and Transport	GmbHLHm1	MtrunA17Chr2g0280161		Putative transcription factor bHLH family	bHLH	transcription factor	GO:0005634;GO:0046983							"putative myc-type, basic helix-loop-helix (bHLH) domain"		
MtrunA17Chr2g0301621	MtrunA17Chr2g0301621-Nodule Metabolism and Transport	Nodule Metabolism and Transport	LjSUS1/LjSUS3	MtrunA17Chr2g0301621		Putative sucrose synthase			GO:0016157;GO:0005985	2.4.1.13	putative sucrose synthase					"putative sucrose synthase, glycosyl transferase, family 1, sucrose synthase, plant/cyanobacteria"		
MtrunA17Chr2g0327751	MtrunA17Chr2g0327751-Nodule Metabolism and Transport	Nodule Metabolism and Transport	LjNDX1/LjNDX2	MtrunA17Chr2g0327751		Putative nodulin homeobox protein			GO:0048364;GO:0003700;GO:0060195;GO:0009908;GO:0043565;GO:0005730;GO:0009845;GO:0003697							putative nodulin homeobox protein		
MtrunA17Chr2g0331081	MtrunA17Chr2g0331081-Nodule Organogenesis	Nodule Organogenesis	MtPEN3-like	MtrunA17Chr2g0331081		Putative ABC-type sulfate transporter			GO:0005524;GO:1902358;GO:0016021;GO:0015419;GO:0016787	7.3.2.3	putative ABC-type sulfate transporter					"putative ABC transporter-like, ATP-binding domain, AAA+ ATPase domain, ABC-2 type transporter"		
MtrunA17Chr3g0094861	MtrunA17Chr3g0094861-Nodule Organogenesis	Nodule Organogenesis	LjBZF	MtrunA17Chr3g0094861		Putative cellulose synthase (UDP-forming) transcription factor C2H2 family	C2H2	transcription factor	GO:0005634;GO:0003677;GO:0010099;GO:0010218;GO:0010017;GO:0016760;GO:0045944;GO:0010114;GO:0000981	2.4.1.12	putative cellulose synthase (UDP-forming)					"putative basic-leucine zipper domain, Zinc finger, RING/FYVE/PHD-type"		
MtrunA17Chr3g0097821	MtrunA17Chr3g0097821-Rhizobial Infection	Rhizobial Infection	LjARPC1	MtrunA17Chr3g0097821		Putative transcription factor WD40-like family	WD40-like	transcription factor	GO:0051015;GO:0005737;GO:0034314;GO:0005885							putative WD40/YVTN repeat-like-containing domain superfamily		
MtrunA17Chr3g0104011	MtrunA17Chr3g0104011-Nodule Metabolism and Transport	Nodule Metabolism and Transport	LjNPF8.6	MtrunA17Chr3g0104011		Putative bacterial ABC-type protein transporter			GO:0006857;GO:0055085;GO:0022857;GO:0016021;GO:0016787	7.4.2.5	putative bacterial ABC-type protein transporter					"putative proton-dependent oligopeptide transporter family, PTR2 family proton/oligopeptide symporter"		
MtrunA17Chr3g0117921	MtrunA17Chr3g0117921-Rhizobial Infection	Rhizobial Infection	LjRINRK1	MtrunA17Chr3g0117921		Putative protein kinase RLK-Pelle-LRR-III family			GO:0016021;GO:0004672;GO:0005524;GO:0006468	2.7.11.1	putative non-specific serine/threonine protein kinase	RLK-Pelle-LRR-III				"putative protein kinase domain, leucine-rich repeat-containing, plant-type"		
MtrunA17Chr3g0123191	MtrunA17Chr3g0123191-Nodule Organogenesis	Nodule Organogenesis	GmRGS1	MtrunA17Chr3g0123191		Putative RGS domain-containing protein			GO:0005634;GO:0005886;GO:0010008;GO:0016021;GO:0004930;GO:0005096;GO:0007186;GO:0009414;GO:0009737;GO:0009749;GO:0009867;GO:0010182;GO:0042127;GO:0043547							putative RGS domain		
MtrunA17Chr3g0123191	MtrunA17Chr3g0123191-Nodule Organogenesis	Nodule Organogenesis	GmRGS1	MtrunA17Chr3g0123191		Putative RGS domain-containing protein			GO:0005634;GO:0005886;GO:0010008;GO:0016021;GO:0004930;GO:0005096;GO:0007186;GO:0009414;GO:0009737;GO:0009749;GO:0009867;GO:0010182;GO:0042127;GO:0043547							putative RGS domain		
MtrunA17Chr3g0123461	MtrunA17Chr3g0123461-Nodule Organogenesis	Nodule Organogenesis	LjGLE1	MtrunA17Chr3g0123461		"Putative mRNA export factor GLE1, GLE1-like superfamily"			GO:0006449;GO:0005737;GO:0015031;GO:0000822;GO:0006446;GO:0005543;GO:0031369;GO:0044614;GO:0016973							"putative mRNA export factor GLE1, GLE1-like superfamily"		
MtrunA17Chr3g0133391	MtrunA17Chr3g0133391-Senescence	Senescence	MtSER6	MtrunA17Chr3g0133391		Putative Serpin family protein			GO:0005615;GO:0004672;GO:0004867;GO:0005524;GO:0008270;GO:0006355;GO:0006468							putative Serpin family		
MtrunA17Chr3g0144341	MtrunA17Chr3g0144341-Early signaling	Early signaling	LjSIP1	MtrunA17Chr3g0144341		Putative transcription factor & chromatin remodeling ARID family	ARID	transcription factor & chromatin remodeling	GO:0005634;GO:0003677;GO:0006357							putative AT-rich interactive domain-containing protein 3		
MtrunA17Chr3g0144381	MtrunA17Chr3g0144381-Rhizobial Infection	Rhizobial Infection	LjLAN	MtrunA17Chr3g0144381		Putative mediator of RNA polymerase II transcription subunit 32			GO:0016592;GO:0006355;GO:0009631;GO:0010150;GO:0048364							putative mediator of RNA polymerase II transcription subunit 32		
MtrunA17Chr3g0145351	MtrunA17Chr3g0145351-Nodule Metabolism and Transport	Nodule Metabolism and Transport	PvPRAT3	MtrunA17Chr3g0145351		Putative amidophosphoribosyltransferase			GO:0005737;GO:0004044;GO:0046872;GO:0051536;GO:0006189;GO:0009113;GO:0009116	2.4.2.14	putative amidophosphoribosyltransferase					"putative Phosphoribosyltransferase domain, glutamine amidotransferase type 2 domain"		
MtrunA17Chr4g0005581	MtrunA17Chr4g0005581-Senescence	Senescence	MtFER3	MtrunA17Chr4g0005581		Putative ferroxidase			GO:0009507;GO:0008199;GO:0008198;GO:0006826;GO:0006880;GO:0004322	1.16.3.1	putative ferroxidase					putative ferritin/DPS protein domain		
MtrunA17Chr4g0009054	MtrunA17Chr4g0009054-Early signaling	Early signaling	MtPHO2-like	MtrunA17Chr4g0009054		putative protein			GO:0004839;GO:0016746;GO:0061631;GO:0016567									
MtrunA17Chr4g0018031	MtrunA17Chr4g0018031-Bacterial Maturation	Bacterial Maturation	MtDNF4	MtrunA17Chr4g0018031														
MtrunA17Chr4g0027691	MtrunA17Chr4g0027691-Rhizobial Infection	Rhizobial Infection	"PvAGO5, GmAGO5"	MtrunA17Chr4g0027691		Putative post-transcriptional gene silencing PAZ-Argonaute family	PAZ-Argonaute	post-transcriptional gene silencing	GO:0003743;GO:0005515;GO:0031047;GO:0006413							"putative PAZ domain, Piwi domain, ribonuclease H-like superfamily, argonaute, linker 1 domain"		
MtrunA17Chr4g0027701	MtrunA17Chr4g0027701-Rhizobial Infection	Rhizobial Infection	"PvAGO5, GmAGO5"	MtrunA17Chr4g0027701		Putative post-transcriptional gene silencing PAZ-Argonaute family	PAZ-Argonaute	post-transcriptional gene silencing	GO:0003743;GO:0005515;GO:0031047;GO:0006413							"putative PAZ domain, Piwi domain, ribonuclease H-like superfamily, argonaute, linker 1 domain"		
MtrunA17Chr4g0030191	MtrunA17Chr4g0030191-Autoregulation of Nodule Number	Autoregulation of Nodule Number	GmNNC1	MtrunA17Chr4g0030191		Putative transcription factor AP2-EREBP family	AP2-EREBP	transcription factor	GO:0005634;GO:0003700;GO:0006355;GO:0010228;GO:0043565							"putative AP2/ERF domain, DNA-binding domain superfamily, AP2/ERF domain superfamily"		
MtrunA17Chr4g0030621	MtrunA17Chr4g0030621-Rhizobial Infection	Rhizobial Infection	MtEXO70H4	MtrunA17Chr4g0030621		"Putative exocyst complex component Exo70, cullin repeat-like-containing domain superfamily"			GO:0000145;GO:0006887;GO:0015031							"putative exocyst complex component Exo70, cullin repeat-like-containing domain superfamily"		
MtrunA17Chr4g0030801	MtrunA17Chr4g0030801-Nodule Metabolism and Transport	Nodule Metabolism and Transport	LjNDX1/LjNDX2	MtrunA17Chr4g0030801		Putative nodulin homeobox protein			GO:0005634;GO:0009908;GO:0003697							putative nodulin homeobox protein		
MtrunA17Chr4g0037121	MtrunA17Chr4g0037121-Symbiosome formation	Symbiosome formation	MtSYT1/MtSYT2; MtSYT2/MtSYT3	MtrunA17Chr4g0037121		"Putative C2 domain, synaptotagmin, plant"			GO:0005783;GO:0016021;GO:0008289;GO:0006869							"putative C2 domain, synaptotagmin, plant"		
MtrunA17Chr4g0043744	MtrunA17Chr4g0043744-Rhizobial Infection	Rhizobial Infection	LjNAP1	MtrunA17Chr4g0043744		Putative nck-associated protein			GO:0031209;GO:0000902;GO:0016477;GO:0030031;GO:0030866							putative nck-associated protein 1		
MtrunA17Chr4g0043751	MtrunA17Chr4g0043751-Rhizobial Infection	Rhizobial Infection	LjNAP1	MtrunA17Chr4g0043751														
MtrunA17Chr4g0057051	MtrunA17Chr4g0057051-Nodule Organogenesis	Nodule Organogenesis	LjHIP	MtrunA17Chr4g0057051		Putative hsp70-interacting protein			GO:0031072;GO:0065003;GO:0051085;GO:0046983							putative hsp70-interacting protein		
MtrunA17Chr4g0065101	MtrunA17Chr4g0065101-Nodule Organogenesis	Nodule Organogenesis	LjCIP73	MtrunA17Chr4g0065101		Putative Ubiquitin-like domain-containing protein			GO:0071818;GO:0031593;GO:0030433;GO:0051787							putative Ubiquitin-like domain		
MtrunA17Chr4g0075091	MtrunA17Chr4g0075091-Rhizobial Infection	Rhizobial Infection	LjSCARN	MtrunA17Chr4g0075091		putative protein			GO:0016021									
MtrunA17Chr4g0076091	MtrunA17Chr4g0076091-Nodule Organogenesis	Nodule Organogenesis	PvSIN1	MtrunA17Chr4g0076091		Putative transcription factor GRAS family	GRAS	transcription factor	GO:0005634;GO:0003700;GO:0043565;GO:0006355							putative transcription factor GRAS		
MtrunA17Chr4R0219050	MtrunA17Chr4R0219050-Autoregulation of Nodule Number	Autoregulation of Nodule Number	LjHAR1	MtrunA17Chr4R0219050														
MtrunA17Chr5g0395421	MtrunA17Chr5g0395421-Early signaling	Early signaling	LjBRUSH	MtrunA17Chr5g0395421		"Putative cyclic nucleotide-binding domain, rmlC-like jelly roll"			GO:0016021;GO:0005249;GO:0071805							"putative cyclic nucleotide-binding domain, rmlC-like jelly roll"		
MtrunA17Chr5g0403631	MtrunA17Chr5g0403631-Autoregulation of Nodule Number	Autoregulation of Nodule Number	GmBEHL1	MtrunA17Chr5g0403631		Putative transcription factor BES/BZR family	BES/BZR	transcription factor	GO:0003700;GO:0006355;GO:0009742							putative BES1/BZR1 plant transcription factor		
MtrunA17Chr5g0408991	MtrunA17Chr5g0408991-Early signaling	Early signaling	MtHMGR1	MtrunA17Chr5g0408991		Putative hydroxymethylglutaryl-CoA reductase (NADPH)			GO:0005789;GO:0005778;GO:0005515;GO:0042282;GO:0016021;GO:0015936;GO:0008299;GO:0004420;GO:0016126	1.1.1.34	putative hydroxymethylglutaryl-CoA reductase (NADPH)					"putative hydroxymethylglutaryl-CoA reductase, class I/II"		
MtrunA17Chr5g0409011	MtrunA17Chr5g0409011-Early signaling	Early signaling	MtHMGR1	MtrunA17Chr5g0409011		Putative hydroxymethylglutaryl-CoA reductase (NADPH)			GO:0005789;GO:0005778;GO:0005515;GO:0042282;GO:0016021;GO:0015936;GO:0008299;GO:0004420;GO:0016126	1.1.1.34	putative hydroxymethylglutaryl-CoA reductase (NADPH)					"putative hydroxymethylglutaryl-CoA reductase, class I/II"		
MtrunA17Chr5g0414657	MtrunA17Chr5g0414657-Rhizobial Infection	Rhizobial Infection	MtMMPL	MtrunA17Chr5g0414657		Putative macrophage elastase			GO:0008270;GO:0016020;GO:0006508;GO:0030198;GO:0030574;GO:0031012;GO:0004222	3.4.24.65	putative macrophage elastase					"putative peptidoglycan binding, peptidase, metallopeptidase, peptidase M10A, PGBD-like superfamily"		
MtrunA17Chr5g0419571	MtrunA17Chr5g0419571-Nodule Metabolism and Transport	Nodule Metabolism and Transport	GmUPS1	MtrunA17Chr5g0419571		Putative ureide permease			GO:0015720;GO:1903791;GO:0016021;GO:0005274;GO:0015505							putative ureide permease		
MtrunA17Chr5g0437531	MtrunA17Chr5g0437531-Senescence	Senescence	LjNFRe	MtrunA17Chr5g0437531		Putative ferroxidase			GO:0009507;GO:0008199;GO:0008198;GO:0006826;GO:0006880;GO:0004322	1.16.3.1	putative ferroxidase					putative ferritin/DPS protein domain		
MtrunA17Chr5g0441031	MtrunA17Chr5g0441031-Nodule Organogenesis	Nodule Organogenesis	MtRDN1	MtrunA17Chr5g0441031		Putative pre-rRNA-processing protein PNO1			GO:0005730;GO:0003723							putative pre-rRNA-processing protein PNO1		
MtrunA17Chr6g0454621	MtrunA17Chr6g0454621-Autoregulation of Nodule Number	Autoregulation of Nodule Number	LjKLV	MtrunA17Chr6g0454621		Putative protein kinase RLK-Pelle-LRR-XV family			GO:0005886;GO:0016021;GO:0004672;GO:0005515;GO:0005524;GO:0006468	2.7.11.1	putative non-specific serine/threonine protein kinase	RLK-Pelle-LRR-XV				"putative serine/threonine-protein kinase, active"		
MtrunA17Chr6g0454661	MtrunA17Chr6g0454661-Autoregulation of Nodule Number	Autoregulation of Nodule Number	MtTML2	MtrunA17Chr6g0454661		Putative protein kinase RLK-Pelle-LRR-XV family			GO:0005886;GO:0016021;GO:0004672;GO:0005515;GO:0005524;GO:0006468	2.7.11.1	putative non-specific serine/threonine protein kinase	RLK-Pelle-LRR-XV				"putative serine/threonine-protein kinase, active"		
MtrunA17Chr6g0468841	MtrunA17Chr6g0468841-Nodule Organogenesis	Nodule Organogenesis	MtCBS1	MtrunA17Chr6g0468841		Putative beta-carotene 3-hydroxylase			GO:0016021;GO:0005506;GO:0016491;GO:0008610	1.14.15.24	putative beta-carotene 3-hydroxylase					"putative fatty acid hydroxylase, beta-carotene hydroxylase"		
MtrunA17Chr6g0472561	MtrunA17Chr6g0472561-Host Range Restriction	Host Range Restriction	GmRj2/GmRFG1	MtrunA17Chr6g0472561		Putative disease resistance protein			GO:0016787;GO:0043531;GO:0006952;GO:0007165							putative disease resistance protein		
MtrunA17Chr6g0482141	MtrunA17Chr6g0482141-Host Range Restriction	Host Range Restriction	LjAMSH	MtrunA17Chr6g0482141		Putative disease resistance protein			GO:0003677;GO:0003953;GO:0007165;GO:0016020;GO:0043531;GO:0006952							putative disease resistance protein		
MtrunA17Chr6g0484221	MtrunA17Chr6g0484221-Nodule Organogenesis	Nodule Organogenesis	MtCAS31	MtrunA17Chr6g0484221		Putative ubiquitinyl hydrolase 1			GO:0004843;GO:0140492;GO:0005515;GO:0005768;GO:0070122;GO:0016020;GO:0061578;GO:0070536;GO:0071108	3.4.19.12	putative ubiquitinyl hydrolase 1					"putative USP8 dimerisation domain, MPN domain"		
MtrunA17Chr6g0484871	MtrunA17Chr6g0484871-Nodule Organogenesis	Nodule Organogenesis	LjSST1	MtrunA17Chr6g0484871		Putative PLAC8 motif-containing protein			GO:0016020							putative PLAC8 motif-containing protein		
MtrunA17Chr6R0151710	MtrunA17Chr6R0151710-Host Range Restriction	Host Range Restriction	GmRj2/GmRFG1	MtrunA17Chr6R0151710														
MtrunA17Chr6R0151720	MtrunA17Chr6R0151720-Host Range Restriction	Host Range Restriction	GmRj2/GmRFG1	MtrunA17Chr6R0151720														
MtrunA17Chr7g0231221	MtrunA17Chr7g0231221-Nodule Organogenesis	Nodule Organogenesis	GmEXPB2	MtrunA17Chr7g0231221		"Putative rlpA-like protein, double-psi beta-barrel"			GO:0005576;GO:0016021;GO:0019953							"putative rlpA-like protein, double-psi beta-barrel domain"		
MtrunA17Chr7g0249561	MtrunA17Chr7g0249561-Nodule Organogenesis	Nodule Organogenesis	MtPLT1/MtPLT2/MtPLT3/MtPLT4	MtrunA17Chr7g0249561		Putative Acyl carrier protein (ACP)			GO:0005759;GO:0009507;GO:0000035;GO:0000036;GO:0031177;GO:0050897;GO:0006633							putative Acyl carrier protein (ACP)		
MtrunA17Chr7g0252331	MtrunA17Chr7g0252331-Early signaling	Early signaling	LjLNP	MtrunA17Chr7g0252331		Putative chalcone synthase			GO:0030639;GO:0016210;GO:0009813	2.3.1.74	putative chalcone synthase					"putative chalcone/stilbene synthase, polyketide synthase, type III, thiolase"		
MtrunA17Chr7g0263471	MtrunA17Chr7g0263471-Bacterial Maturation	Bacterial Maturation	MtDGD1	MtrunA17Chr7g0263471		"Putative PGG domain, ankyrin repeat-containing domain superfamily"			GO:0016021;GO:0005515							"putative PGG domain, ankyrin repeat-containing domain superfamily"		
MtrunA17Chr7g0275041	MtrunA17Chr7g0275041-Rhizobial Infection	Rhizobial Infection	MtNSP1	MtrunA17Chr7g0275041		Putative cytoplasmic FMR1-interacting			GO:0031209;GO:0000340;GO:0031267;GO:0000902;GO:0006417;GO:0030833							putative cytoplasmic FMR1-interacting		
MtrunA17Chr7R0182670	MtrunA17Chr7R0182670-Defense	Defense	MtRSD	MtrunA17Chr7R0182670														
MtrunA17Chr7R0182680	MtrunA17Chr7R0182680-Defense	Defense	MtRSD	MtrunA17Chr7R0182680														
MtrunA17Chr7R0182680	MtrunA17Chr7R0182680-Defense	Defense	MtRSD	MtrunA17Chr7R0182680														
MtrunA17Chr8g0350311	MtrunA17Chr8g0350311-Autoregulation of Nodule Number	Autoregulation of Nodule Number	LjNiCK4	MtrunA17Chr8g0350311		Putative protein-serine/threonine kinase CMGC-GSK family			GO:0005524;GO:0007165;GO:0005829;GO:0006468;GO:0106311;GO:0106310	2.7.11.-	putative protein-serine/threonine kinase	CMGC-GSK				"putative serine/threonine-protein kinase, active"		
MtrunA17Chr8g0357311	MtrunA17Chr8g0357311-Host Range Restriction	Host Range Restriction	MtCDC16	MtrunA17Chr8g0357311		Putative Thaumatin family			GO:0005576;GO:0016021;GO:0006952							putative Thaumatin family		
MtrunA17Chr8g0360591	MtrunA17Chr8g0360591-Early signaling	Early signaling	MtNFS2	MtrunA17Chr8g0360591		Putative protein kinase RLK-Pelle-DLSV family			GO:0018108;GO:0005524;GO:0004714;GO:0016021;GO:0046777;GO:0106311;GO:0005886;GO:0106310	2.7.11.1	putative non-specific serine/threonine protein kinase	RLK-Pelle-DLSV				"putative serine/threonine-protein kinase, active"		
MtrunA17Chr8g0368441	MtrunA17Chr8g0368441-Nodule Organogenesis	Nodule Organogenesis	MtNFS1	MtrunA17Chr8g0368441														
MtrunA17Chr8g0370334	MtrunA17Chr8g0370334-Host Range Restriction	Host Range Restriction	LjROP6	MtrunA17Chr8g0370334														
MtrunA17Chr8g0379011	MtrunA17Chr8g0379011-Nodule Organogenesis	Nodule Organogenesis	MtARP3	MtrunA17Chr8g0379011		Putative 14-3-3 protein			GO:0004497							putative 14-3-3 protein		
MtrunA17Chr8g0386791	MtrunA17Chr8g0386791-Nodule Metabolism and Transport	Nodule Metabolism and Transport	LjnsRING	MtrunA17Chr8g0386791	GSH1	Glutamate--cysteine ligase			GO:0005524;GO:0009507;GO:0006750;GO:0004357	6.3.2.2	putative glutamate--cysteine ligase		sp|Q9ZNX6|GSH1_MEDTR	1054	10694062	"putative glutamate--cysteine ligase, GCS2, glutamate--cysteine ligase, plant-type"		
MtrunA17Chr8g0391161	MtrunA17Chr8g0391161-Rhizobial Infection	Rhizobial Infection	MtCRE1 (L.O.F)	MtrunA17Chr8g0391161		Putative transcription factor C2H2 family	C2H2	transcription factor	GO:0005634;GO:0004839;GO:0008270;GO:0016746;GO:0061630;GO:0006511;GO:0016567							"putative Zinc finger, RING-type, Zinc finger, CHY-type, hemerythrin, Zinc finger, RING/FYVE/PHD-type"		
MtrunA17Chr8g0392701	MtrunA17Chr8g0392701-Nodule Organogenesis	Nodule Organogenesis	LjLSK1	MtrunA17Chr8g0392701		Putative transcription factor WD40-like family	WD40-like	transcription factor	GO:0005080;GO:0005634;GO:0072344;GO:0043022;GO:0001934;GO:0016021;GO:0005829;GO:0015935							putative WD40/YVTN repeat-like-containing domain superfamily		