gene_id	name	"Gene Symbol (as in Roy et al., 2020)"	acronym	PRODUCT	REGULATOR	REGULATOR_TYPE	GO	EC	ACTIVITY	KINASE	BEST_HIT	BEST_SCORE	PUBMED	IPR	geneProduct	genePublication
MtrunA17Chr6g0479521	MtrunA17Chr6g0479521--LjNENA-like	GmRj2/GmRFG1	LjNENA-like	WD40 repeat protein related to nucleoporins	WD40-like	transcription factor	GO:0031080;GO:0035859;GO:0005198;GO:0005515;GO:0015031;GO:0034198;GO:1904263						PMID:675572	"putative WD40/YVTN repeat-like-containing domain superfamily, Sec13/Seh1 family"	WD40 repeat protein related to nucleoporins	PMID:675572
MtrunA17Chr7g0268161	MtrunA17Chr7g0268161--LjTRICOT-like	PvRbohA	LjTRICOT-like	AtAMP1 (ALTERED MERISTEM PROGRAM 1)-related			GO:0016021;GO:0004180;GO:0008235;GO:0006508	3.4.17.11	putative glutamate carboxypeptidase				PMID:23250209	"putative PA domain, transferrin receptor-like, dimerisation domain, peptidase M28"	AtAMP1 (ALTERED MERISTEM PROGRAM 1)-related	PMID:23250209
MtrunA17Chr8g0335291	MtrunA17Chr8g0335291--MtAHA1	HA1	MtAHA1	(MtHA1) Plasma membrane proton pump			GO:0005524;GO:0051453;GO:0120029;GO:0016021;GO:0008553;GO:0005886;GO:0016787	7.1.2.1	putative P-type H(+)-exporting transporter				PMID:26188545	"putative P-type ATPase, HAD superfamily, P-type ATPase, transmembrane domain superfamily"	(MtHA1) Plasma membrane proton pump	PMID:26188545
MtrunA17Chr8g0352611	MtrunA17Chr8g0352611--MtAnn1	LjCCaMK (G.O.F)	MtAnn1	annexin			GO:0005737;GO:0005509;GO:0005544						PMID:9612949	putative annexin	annexin	PMID:9612949
MtrunA17Chr8g0352621	MtrunA17Chr8g0352621--MtAnn2	ANN2	MtAnn2	annexin			GO:0005737;GO:0005509;GO:0005544						PMID:15497399	putative annexin	annexin	PMID:15497399
MtrunA17Chr7g0252881	MtrunA17Chr7g0252881--MtAPY1;1	APY1-1	MtAPY1;1	apyrase (nucleoside triphosphatase) (AY180377)			GO:0009134;GO:0102489;GO:0005634;GO:0005524;GO:0102491;GO:0102490;GO:0016020;GO:0017110;GO:0102486;GO:0017111;GO:0102485;GO:0102488;GO:0102487;GO:0030246;GO:0051028	3.6.1.5	putative apyrase				PMID:12644663	putative nucleoside phosphatase GDA1/CD39	apyrase (nucleoside triphosphatase) (AY180377)	PMID:12644663
MtrunA17Chr7g0252891	MtrunA17Chr7g0252891--MtAPY1;3	GmBCH1/GmBCH2	MtAPY1;3	apyrase (nucleoside triphosphatase) (AY180379)			GO:0009134;GO:0102489;GO:0005634;GO:0005524;GO:0102491;GO:0102490;GO:0016020;GO:0017110;GO:0102486;GO:0017111;GO:0102485;GO:0102488;GO:0102487;GO:0030246;GO:0051028	3.6.1.5	putative apyrase				PMID:12644663	putative nucleoside phosphatase GDA1/CD39	apyrase (nucleoside triphosphatase) (AY180379)	PMID:12644663
MtrunA17Chr7g0252911	MtrunA17Chr7g0252911--MtAPY1;4	MtERN1	MtAPY1;4	apyrase (nucleoside triphosphatase) (AY180380)			GO:0009134;GO:0102489;GO:0005634;GO:0005524;GO:0102491;GO:0102490;GO:0016021;GO:0017110;GO:0102486;GO:0017111;GO:0102485;GO:0102488;GO:0102487;GO:0030246;GO:0051028	3.6.1.5	putative apyrase				PMID:12644663	putative nucleoside phosphatase GDA1/CD39	apyrase (nucleoside triphosphatase) (AY180380)	PMID:12644663
MtrunA17Chr7g0252921	MtrunA17Chr7g0252921--MtAPY1;5	LNP (APY1-5)	MtAPY1;5	apyrase (nucleoside triphosphatase) (AY180381)			GO:0009134;GO:0102489;GO:0009877;GO:0005886;GO:0005524;GO:0102491;GO:0102490;GO:0043273;GO:0016021;GO:0017110;GO:0102486;GO:0102485;GO:0102488;GO:0102487;GO:0030246	3.6.1.5	putative apyrase				PMID:12644663	putative nucleoside phosphatase GDA1/CD39	apyrase (nucleoside triphosphatase) (AY180381)	PMID:12644663
MtrunA17Chr1g0199681	MtrunA17Chr1g0199681--MtARF1|MtARF16a	MtARF16a	MtARF1|MtARF16a	auxin response factor	ARF	transcription factor	GO:0051301;GO:0005634;GO:0003677;GO:0048829;GO:0007389;GO:0006355;GO:0009734						PMID:25759704|PMID:25527707	"putative B3 DNA binding domain, auxin response factor domain"	auxin response factor	PMID:25759704|PMID:25527707
MtrunA17Chr5g0433301	MtrunA17Chr5g0433301--MtARF20	GmARF8a/GmARF8b	MtARF20	auxin response factor 20	ARF	transcription factor	GO:0005634;GO:0003677;GO:0005515;GO:0006355;GO:0009734						PMID:25759704	"putative PB1 domain, B3 DNA binding domain, auxin response factor domain, AUX/IAA domain"	auxin response factor 20	PMID:25759704
MtrunA17Chr8g0381261	MtrunA17Chr8g0381261--MtARP3	MtSymREM1	MtARP3	actin-related protein 3			GO:0005829;GO:0005885;GO:0051015;GO:0009825;GO:0010090;GO:0034314						PMID:25608180	"putative Actin family, ATPase, nucleotide binding domain"	actin-related protein 3	PMID:25608180
MtrunA17Chr3g0083891	MtrunA17Chr3g0083891--MtATG6	PvBECLIN1	MtATG6	Autophagy related gene			GO:0000045;GO:0034272;GO:0034271;GO:0000407;GO:0045324;GO:0050832;GO:0009846;GO:0006623;GO:0006995						PMID:34824334	"putative atg6/Beclin, atg6, BARA domain, atg6/beclin, coiled-coil domain"	Autophagy related gene	PMID:34824334
MtrunA17Chr3g0121271	MtrunA17Chr3g0121271--MtBG2	MtBG2	MtBG2	"beta-1,3-Glucanase 2"			GO:0005975;GO:0016310;GO:0042973;GO:0016301;GO:0046658	3.2.1.39	"putative glucan endo-1,3-beta-D-glucosidase"				PMID:30416059	"putative glycoside hydrolase family 17, X8 domain, glycoside hydrolase superfamily"	"beta-1,3-Glucanase 2"	PMID:30416059
MtrunA17Chr3g0132471	MtrunA17Chr3g0132471--MtbHLH1	MtBHLH1	MtbHLH1	basic helix-loop-helix  transcription factor 1	bHLH	transcription factor	GO:0005634;GO:0000978;GO:0000981;GO:0046983;GO:0006357						PMID:21679315	"putative myc-type, basic helix-loop-helix (bHLH) domain"	basic helix-loop-helix  transcription factor 1	PMID:21679315
MtrunA17Chr5g0411341	MtrunA17Chr5g0411341--MtbHLH2|MtMYC2	bHLH2	MtbHLH2|MtMYC2	Basic helix-lool-helix transcription factor 2|Transcription factor MYC2	bHLH	transcription factor	GO:0005634;GO:0000976;GO:0003700;GO:0046983;GO:0006355						PMID:31591150|PMID:27791139	"putative myc-type, basic helix-loop-helix (bHLH) domain, transcription factor MYC/MYB"	Basic helix-lool-helix transcription factor 2|Transcription factor MYC2	PMID:31591150|PMID:27791139
MtrunA17Chr5g0400621	MtrunA17Chr5g0400621--MtbHLH476	MtBHLH476	MtbHLH476	basic helix-loop-helix  transcription factor 476	bHLH	transcription factor	GO:0005634;GO:0003677;GO:0046983						PMID:23023168	"putative myc-type, basic helix-loop-helix (bHLH) domain"	basic helix-loop-helix  transcription factor 476	PMID:23023168
MtrunA17Chr3g0129391	MtrunA17Chr3g0129391--MtBRI	MtBRI1	MtBRI	Brassinosteroid Insensitive 1 (BR receptor)			GO:0005524;GO:0005515;GO:0016021;GO:0004674;GO:0006468;GO:0005886;GO:0009755	2.7.11.1	putative non-specific serine/threonine protein kinase	RLK-Pelle_LRR-Xb-1			PMID:28839160	"putative serine/threonine-protein kinase, active"	Brassinosteroid Insensitive 1 (BR receptor)	PMID:28839160
MtrunA17Chr3g0100471	MtrunA17Chr3g0100471--MtCAML4	CAML4	MtCAML4	calmodulin-like 4			GO:0016021;GO:0005509						PMID:16543412	putative EF-hand domain	calmodulin-like 4	PMID:16543412
MtrunA17Chr3g0100501	MtrunA17Chr3g0100501--MtCAML5	CAML5	MtCAML5	calmodulin-like 5			GO:0005509						PMID:16543412	putative EF-hand domain	calmodulin-like 5	PMID:16543412
MtrunA17Chr3g0100461	MtrunA17Chr3g0100461--MtCAML6	CAML6	MtCAML6	calmodulin-like 6			GO:0005737;GO:0005509;GO:0019904						PMID:16543412	putative EF-hand domain	calmodulin-like 6	PMID:16543412
MtrunA17Chr2g0279141	MtrunA17Chr2g0279141--MtCAMTA1	CAMTA1	MtCAMTA1	Calmodulin-binding transcription activator 1	CG1-CAMTA	transcription factor	GO:0005634;GO:0005516;GO:0003712;GO:0003690;GO:0006357						PMID:26150823	"putative IQ motif, EF-hand binding, IPT domain, CG-1 DNA-binding domain, immunoglobulin-like"	Calmodulin-binding transcription activator 1	PMID:26150823
MtrunA17Chr3g0122351	MtrunA17Chr3g0122351--MtCAMTA3	CAMTA3	MtCAMTA3	Calmodulin-binding transcription activator 3	CG1-CAMTA	transcription factor	GO:0005634;GO:0005516;GO:0003712;GO:0003690;GO:0006357						PMID:26150823	"putative IQ motif, EF-hand binding, IPT domain, CG-1 DNA-binding domain, immunoglobulin-like"	Calmodulin-binding transcription activator 3	PMID:26150823
MtrunA17Chr4g0050401	MtrunA17Chr4g0050401--MtCAMTA4	CAMTA4	MtCAMTA4	Calmodulin-binding transcription activator 4	CG1-CAMTA	transcription factor	GO:0005634;GO:0005516;GO:0003712;GO:0003690;GO:0006357						PMID:26150823	"putative IQ motif, EF-hand binding, IPT domain, CG-1 DNA-binding domain, immunoglobulin-like"	Calmodulin-binding transcription activator 4	PMID:26150823
MtrunA17Chr4g0068161	MtrunA17Chr4g0068161--MtCAMTA5	CAMTA5	MtCAMTA5	Calmodulin-binding transcription activator 5	CG1-CAMTA	transcription factor	GO:0005634;GO:0005516;GO:0003712;GO:0003690;GO:0016021;GO:0006357						PMID:26150823	"putative IQ motif, EF-hand binding, IPT domain, CG-1 DNA-binding domain, immunoglobulin-like"	Calmodulin-binding transcription activator 5	PMID:26150823
MtrunA17Chr8g0377501	MtrunA17Chr8g0377501--MtCAMTA6	CAMTA6	MtCAMTA6	Calmodulin-binding transcription activator 6	CG1-CAMTA	transcription factor	GO:0005634;GO:0005516;GO:0003712;GO:0003690;GO:0006357						PMID:26150823	"putative IQ motif, EF-hand binding, IPT domain, CG-1 DNA-binding domain, immunoglobulin-like"	Calmodulin-binding transcription activator 6	PMID:26150823
MtrunA17Chr8g0382191	MtrunA17Chr8g0382191--MtCAMTA7	CAMTA7	MtCAMTA7	Calmodulin-binding transcription activator 7	CG1-CAMTA	transcription factor	GO:0005634;GO:0005516;GO:0003712;GO:0003690;GO:0006357						PMID:26150823	"putative IQ motif, EF-hand binding, CG-1 DNA-binding domain, immunoglobulin-like"	Calmodulin-binding transcription activator 7	PMID:26150823
MtrunA17Chr6g0484671	MtrunA17Chr6g0484671--MtCAS31	GmFWL1	MtCAS31	cold-acclimation specific protein 31			GO:0009737;GO:0005829;GO:0009631;GO:0009414						PMID:29868087	putative dehydrin	cold-acclimation specific protein 31	PMID:29868087
MtrunA17Chr7g0276651	MtrunA17Chr7g0276651--MtCASTOR	CASTOR	MtCASTOR	Lotus japonicus CASTOR ion  channel-like			GO:0006813;GO:0031965;GO:0016021						PMID:22706284	"putative CASTOR/POLLUX/SYM8 ion channel domain, NAD(P)-binding domain superfamily"	Lotus japonicus CASTOR ion  channel-like	PMID:22706284
MtrunA17Chr6g0469911	MtrunA17Chr6g0469911--MtCBS1	MtPIN2/MtPIN3/MtPIN4	MtCBS1	Cystathionine-beta-synthase-like domain protein 1			GO:0016021;GO:0043231;GO:0010960						PMID:26884486	putative ancient domain protein family	Cystathionine-beta-synthase-like domain protein 1	PMID:26884486
MtrunA17Chr7g0232091	MtrunA17Chr7g0232091--MtCCD7	MtSNARP2	MtCCD7	carotenoid cleavage dioxygenase 7			GO:0046872;GO:0016121;GO:0045549;GO:1901601;GO:0010223;GO:0009733	1.13.11.-	putative oxidoreductase				PMID:26503135	putative carotenoid oxygenase	carotenoid cleavage dioxygenase 7	PMID:26503135
MtrunA17Chr4g0057131	MtrunA17Chr4g0057131--MtCCS52a	MtCCS52a	MtCCS52a	cell cycle switch gene 52 a (anaphase-promoting complex activator)	WD40-like	transcription factor	GO:0005515;GO:1905786;GO:0005680;GO:1990757;GO:1904668;GO:0010997						PMID:12953113	"putative WD40/YVTN repeat-like-containing domain superfamily, The WD repeat Cdc20/Fizzy family"	cell cycle switch gene 52 a (anaphase-promoting complex activator)	PMID:12953113
MtrunA17Chr3g0111961	MtrunA17Chr3g0111961--MtCCS52b	CCS52b	MtCCS52b	cell cycle switch gene 52 b (anaphase-promoting complex activator)	WD40-like	transcription factor	GO:0005515;GO:1905786;GO:0005680;GO:1990757;GO:1904668;GO:0010997						PMID:14742878	"putative translation initiation factor, beta propellor-like domain, The WD repeat Cdc20/Fizzy family"	cell cycle switch gene 52 b (anaphase-promoting complex activator)	PMID:14742878
MtrunA17Chr8g0359761	MtrunA17Chr8g0359761--MtCDC16	LjSIE3	MtCDC16	CELL DIVISION CYCLE 16			GO:0005680;GO:0005737;GO:0005515;GO:0016567;GO:0031145;GO:0045842;GO:0051301						PMID:19789288	putative tetratricopeptide-like helical domain superfamily	CELL DIVISION CYCLE 16	PMID:19789288
MtrunA17Chr5g0405421	MtrunA17Chr5g0405421--MtCDPK1	MtCDPK1	MtCDPK1	calcium-dependent protein kinase1			GO:0005634;GO:0005524;GO:0005516;GO:0005737;GO:0005509;GO:0046777;GO:0004683;GO:0018105;GO:0035556;GO:0009931	2.7.11.1	putative non-specific serine/threonine protein kinase	CAMK_CDPK			PMID:16199614|PMID:30129677	"putative serine/threonine-protein kinase, active"	calcium-dependent protein kinase1	PMID:16199614|PMID:30129677
MtrunA17Chr5g0444171	MtrunA17Chr5g0444171--MtCDPK13	CPK3	MtCDPK13	calcium-dependent protein kinase13			GO:0005634;GO:0005524;GO:0005516;GO:0005737;GO:0005509;GO:0046777;GO:0004683;GO:0018105;GO:0035556;GO:0009931	2.7.11.17	putative calcium/calmodulin-dependent protein kinase	CAMK_CDPK			PMID:30129677	"putative serine/threonine-protein kinase, active"	calcium-dependent protein kinase13	PMID:30129677
MtrunA17Chr3g0098951	MtrunA17Chr3g0098951--MtCDPK3	MtCPK3	MtCDPK3	calcium-dependent protein kinase3			GO:0005634;GO:0005524;GO:0005516;GO:0005737;GO:0005509;GO:0046777;GO:0004683;GO:0018105;GO:0035556;GO:0009931	2.7.11.17	putative calcium/calmodulin-dependent protein kinase	CAMK_CDPK			PMID:30129677|PMID:17132148	"putative serine/threonine-protein kinase, active"	calcium-dependent protein kinase3	PMID:30129677|PMID:17132148
MtrunA17Chr5g0448721	MtrunA17Chr5g0448721--MtCDPK5	CDPK5	MtCDPK5	calcium-dependent protein kinase5			GO:0005634;GO:0005524;GO:0005516;GO:0005737;GO:0005509;GO:0046777;GO:0004683;GO:0018105;GO:0106311;GO:0035556;GO:0106310;GO:0009931	2.7.11.1	putative non-specific serine/threonine protein kinase	CAMK_CDPK			PMID:30129677	"putative serine/threonine-protein kinase, active"	calcium-dependent protein kinase5	PMID:30129677
MtrunA17Chr8g0374821	MtrunA17Chr8g0374821--MtCEP1	CEP1	MtCEP1	C-terminally encoded peptide			GO:0048364;GO:0050793						PMID:29030416	putative  encoded peptide	C-terminally encoded peptide	PMID:29030416
MtrunA17Chr1g0149821	MtrunA17Chr1g0149821--MtCHIT5a	LjCHIT5	MtCHIT5a	chitinase 5 a			GO:0004568;GO:0008061;GO:0000272;GO:0006032;GO:0016021;GO:0050832;GO:0005576;GO:0009877				sp|A0A072VEP0|CHT5A_MEDTR	791	PMID:27383628	"putative glycoside hydrolase family 18, catalytic domain, glycosyl hydrolase family 18 (GH18) active"	chitinase 5 a	PMID:27383628
MtrunA17Chr4g0065511	MtrunA17Chr4g0065511--MtCHIT5b	NFH1 (CHIT5a) - 2nd part	MtCHIT5b	chitinase 5 b			GO:0004568;GO:0008061;GO:0000272;GO:0006032;GO:0050832;GO:0005576;GO:0009877				sp|A0A072UR65|CHT5B_MEDTR	770	PMID:27383628	"putative glycoside hydrolase family 18, catalytic domain, glycosyl hydrolase family 18 (GH18) active"	chitinase 5 b	PMID:27383628
MtrunA17Chr8g0392301	MtrunA17Chr8g0392301--MtCHK1/MtCRE1	PvRACK1	MtCHK1/MtCRE1	CHASE-domain containing histidine kinase 1	RR-A-type	response regulator and putative novel transcription factor	GO:0000155;GO:0000160;GO:0016021;GO:0018106;GO:0016787	2.7.13.3;3.1.3.16	"putative histidine kinase, Protein-serine/threonine phosphatase"				PMID:27341695	"putative signal transduction response regulator, receiver domain, histidine kinase/HSP90-like ATPase"	CHASE-domain containing histidine kinase 1	PMID:27341695
MtrunA17Chr1g0150941	MtrunA17Chr1g0150941--MtCKX1	CKX1	MtCKX1	cytokinin oxidase 1			GO:0071949;GO:0009690;GO:0019139	1.5.99.12	putative cytokinin dehydrogenase				PMID:21304580	"putative cytokinin dehydrogenase 1, FAD/cytokinin binding domain, FAD-linked oxidase-like"	cytokinin oxidase 1	PMID:21304580
MtrunA17Chr2g0299371	MtrunA17Chr2g0299371--MtCKX3	LjCKX3	MtCKX3	cytokinin oxidase 3			GO:0071949;GO:0009690;GO:0016021;GO:0019139	1.5.99.12	putative cytokinin dehydrogenase				PMID:25804975	"putative oxygen oxidoreductase covalent FAD-binding, FAD-linked oxidase-like"	cytokinin oxidase 3	PMID:25804975
MtrunA17Chr5g0415221	MtrunA17Chr5g0415221--MtCLE01/CLE25	CLE1	MtCLE01/CLE25	CLAVATA3/EMBRYO-SURROUNDING REGION (CLE) family			GO:0016021;GO:0045168						PMID:29030416		CLAVATA3/EMBRYO-SURROUNDING REGION (CLE) family	PMID:29030416
MtrunA17Chr4g0040971	MtrunA17Chr4g0040971--MtCLE12	LjCLE-RS1	MtCLE12	CLAVATA3/EMBRYO-SURROUNDING REGION (CLE) family			GO:0005615;GO:0045168				sp|G7ZZZ3|CLE12_MEDTR	166	PMID:29030416		CLAVATA3/EMBRYO-SURROUNDING REGION (CLE) family	PMID:29030416
MtrunA17Chr4g0040951	MtrunA17Chr4g0040951--MtCLE13	LjCLE-RS2	MtCLE13	CLAVATA3/EMBRYO-SURROUNDING REGION (CLE) family			GO:0005615;GO:0007275;GO:0045168				sp|G7JV15|CLE13_MEDTR	172	PMID:29030416		CLAVATA3/EMBRYO-SURROUNDING REGION (CLE) family	PMID:29030416
MtrunA17Chr5g0439531	MtrunA17Chr5g0439531--MtCLE17	CLE26	MtCLE17	CLAVATA3/EMBRYO-SURROUNDING REGION (CLE) family									PMID:29030416|PMID:28839170		CLAVATA3/EMBRYO-SURROUNDING REGION (CLE) family	PMID:29030416|PMID:28839170
MtrunA17Chr7g0249101	MtrunA17Chr7g0249101--MtCLV2	GmACP	MtCLV2	CLAVATA2			GO:0016021;GO:0005515;GO:0016301;GO:0016310						PMID:27296908	putative leucine-rich repeat domain superfamily	CLAVATA2	PMID:27296908
MtrunA17Chr1g0181121	MtrunA17Chr1g0181121--MtCNGC15a	MtCNGC15a	MtCNGC15a	cyclic nucleotide-gated channel			GO:0005249;GO:0036377;GO:0031965;GO:0071805;GO:0005262;GO:0070588;GO:0016021;GO:0044325;GO:0009877				sp|G7IBJ4|CN15A_MEDTR	1426	PMID:27230377	"putative cyclic nucleotide-binding domain, potassium channel, voltage-dependent, EAG/ELK/ERG"	cyclic nucleotide-gated channel	PMID:27230377
MtrunA17Chr4g0028861	MtrunA17Chr4g0028861--MtCNGC15b	MtCNGC15b	MtCNGC15b	cyclic nucleotide-gated channel			GO:0005249;GO:0036377;GO:0031965;GO:0071805;GO:0005262;GO:0070588;GO:0016021;GO:0044325;GO:0009877						PMID:27230377	"putative cyclic nucleotide-binding domain, potassium channel, voltage-dependent, EAG/ELK/ERG"	cyclic nucleotide-gated channel	PMID:27230377
MtrunA17Chr2g0326871	MtrunA17Chr2g0326871--MtCNGC15c	CNGC15c	MtCNGC15c	cyclic nucleotide-gated channel			GO:0005249;GO:0031965;GO:0071805;GO:0016021;GO:0044325				sp|A0A072VMJ3|CN15C_MEDTR	1459	PMID:27230377	"putative IQ motif, EF-hand binding, cyclic nucleotide-binding domain, Ion transport domain"	cyclic nucleotide-gated channel	PMID:27230377
MtrunA17Chr5g0395411	MtrunA17Chr5g0395411--MtCNGCIVAb	LjBRUSH	MtCNGCIVAb	cyclic nucleotide-gated channel			GO:0005216;GO:0034220;GO:0016021						PMID:27230377	putative Ion transport domain	cyclic nucleotide-gated channel	PMID:27230377
MtrunA17Chr4g0008841	MtrunA17Chr4g0008841--MtCOPT1	MtCOPT1	MtCOPT1	copper transporter			GO:0005886;GO:0016021;GO:0005375;GO:0006878;GO:0035434						PMID:29349810	putative Ctr copper transporter	copper transporter	PMID:29349810
MtrunA17Chr4g0041081	MtrunA17Chr4g0041081--MtCP6|MtCP	MtCP6	MtCP6|MtCP	cystein protease 6|cystein protease			GO:0005615;GO:0004197;GO:0016021;GO:0051603;GO:0005764	3.4.22.33	putative fruit bromelain				PMID:35781677|PMID:28607058	"putative cysteine peptidase, cysteine active, peptidase C1A, papain"	cystein protease 6|cystein protease	PMID:35781677|PMID:28607058
MtrunA17Chr8g0379151	MtrunA17Chr8g0379151--MtCP77	CP77	MtCP77	cystein protease 77 (papain family)			GO:0005615;GO:0004197;GO:0016021;GO:0051603;GO:0005764	3.4.22.14	putative actinidain				PMID:31591150	"putative peptidase C1A, papain, cathepsin propeptide inhibitor domain (I29)"	cystein protease 77 (papain family)	PMID:31591150
MtrunA17Chr3g0140861	MtrunA17Chr3g0140861--MtCRA2	MtCRA2	MtCRA2	compact root architecture 2			GO:0018108;GO:0005524;GO:0004713;GO:0016021;GO:0005886	2.7.11.1	putative non-specific serine/threonine protein kinase	RLK-Pelle_LRR-XI-1			PMID:25521478	"putative serine/threonine-protein kinase, active"	compact root architecture 2	PMID:25521478
MtrunA17Chr7g0221431	MtrunA17Chr7g0221431--MtCRN	MtNAD1	MtCRN	CORYNE			GO:0010075;GO:0010088;GO:0007178;GO:0006468;GO:0042742;GO:0005886;GO:0004675;GO:0005789;GO:0001653;GO:0005524;GO:0009909;GO:0045595;GO:0002229;GO:0016021;GO:0010078;GO:0033612	2.7.-.-	putative transferase	RLK-Pelle_LRR-XI-2			PMID:27296908	putative protein kinase domain	CORYNE	PMID:27296908
MtrunA17Chr3g0138431	MtrunA17Chr3g0138431--MtCycA2-4	MtRbohA	MtCycA2-4	Cyclin A type (rhizobium-induced)			GO:0000307;GO:0005634;GO:0005737;GO:0016538;GO:0000079;GO:0044772;GO:0051301						PMID:33228084	putative cyclin domain	Cyclin A type (rhizobium-induced)	PMID:33228084
MtrunA17Chr7g0224551	MtrunA17Chr7g0224551--MtCYP93B10	LjTML (MtTML1)	MtCYP93B10	Cytochrome P450 monooxygenase			GO:0016712;GO:0033771;GO:0005506;GO:0102469;GO:0016021;GO:0009813;GO:0020037	1.14.14.140	putative licodione synthase				PMID:34576120	putative cytochrome P450	Cytochrome P450 monooxygenase	PMID:34576120
MtrunA17Chr4g0046331	MtrunA17Chr4g0046331--MtCYP93C19	GmIFS1/GmIFS2	MtCYP93C19	Cytochrome P450 monooxygenase			GO:0102604;GO:0033770;GO:0005506;GO:0102668;GO:0016020;GO:0020037	1.14.14.87	putative 2-hydroxyisoflavanone synthase				PMID:34576120	putative cytochrome P450	Cytochrome P450 monooxygenase	PMID:34576120
MtrunA17Chr4g0046351	MtrunA17Chr4g0046351--MtCYP93C20	GmIFS1/GmIFS2	MtCYP93C20	Cytochrome P450 monooxygenase			GO:0102604;GO:0009717;GO:0005506;GO:0033770;GO:0102668;GO:0016021;GO:0005783;GO:0020037	1.14.14.87	putative 2-hydroxyisoflavanone synthase				PMID:34576120	putative cytochrome P450	Cytochrome P450 monooxygenase	PMID:34576120
MtrunA17Chr4g0046321	MtrunA17Chr4g0046321--MtCYP93C27	GmIFS1/GmIFS2	MtCYP93C27	Cytochrome P450 monooxygenase			GO:0102604;GO:0009717;GO:0005506;GO:0033770;GO:0102668;GO:0016021;GO:0005783;GO:0020037	1.14.14.87	putative 2-hydroxyisoflavanone synthase				PMID:34576120	putative cytochrome P450	Cytochrome P450 monooxygenase	PMID:34576120
MtrunA17Chr3g0110971	MtrunA17Chr3g0110971--MtDELLA1	MtDELLA1	MtDELLA1	aspartic acid-glutamic acid-leucine-leucine-alanine 1 (GRAS family transcription factor)	GRAS	transcription factor	GO:0036377;GO:0042538;GO:0010187;GO:0009610;GO:0006355;GO:0009863;GO:0043565;GO:0009867;GO:0009723;GO:0009938;GO:0005634;GO:0003700;GO:0003712;GO:0009737;GO:2000377;GO:2000033;GO:0016036				sp|A0A396IUP1|DELA1_MEDTR	1239	PMID:27586842	"putative transcription factor GRAS, transcriptional factor DELLA, DELLA domain superfamily"	aspartic acid-glutamic acid-leucine-leucine-alanine 1 (GRAS family transcription factor)	PMID:27586842
MtrunA17Chr7g0267461	MtrunA17Chr7g0267461--MtDGD1	LjTCO	MtDGD1	Digalactosyldiacylglycerol synthase 1 (XM_01359759.2)			GO:0009707;GO:0046481;GO:0019375;GO:0043661;GO:0009877	2.4.1.241	putative digalactosyldiacylglycerol synthase				PMID:30986120	"putative glycosyl transferase, family 1, digalactosyldiacylglycerol synthase 1/2"	Digalactosyldiacylglycerol synthase 1 (XM_01359759.2)	PMID:30986120
MtrunA17Chr1g0198151	MtrunA17Chr1g0198151--MtDME	MtDME	MtDME	DEMETER (DNA demethylase)			GO:0006284;GO:0009793;GO:0080111;GO:0043078;GO:0003677;GO:0006349;GO:0006306;GO:0046872;GO:0016020;GO:0035514;GO:0019104;GO:0051539;GO:0140078	4.2.99.18	putative DNA-(apurinic or apyrimidinic site) lyase				PMID:27797357	"putative HhH-GPD domain, endonuclease III-like, iron-sulphur cluster loop, DNA glycosylase"	DEMETER (DNA demethylase)	PMID:27797357
MtrunA17Chr2g0277131	MtrunA17Chr2g0277131--MtDMI1	MtDMI1(LjPOLLUX)	MtDMI1	does not make infection 1|ion  channel			GO:0042802;GO:0031965;GO:0034220;GO:0016021;GO:0009877				sp|Q6RHR6|DMI1_MEDTR	1803	PMID:14963334	"putative CASTOR/POLLUX/SYM8 ion channel domain, NAD(P)-binding domain superfamily"	does not make infection 1|ion  channel	PMID:14963334
MtrunA17Chr5g0411631	MtrunA17Chr5g0411631--MtDMI2	LjSYMRK	MtDMI2	does not make infection 2 (receptor-like kinase)			GO:0005524;GO:0005515;GO:0016021;GO:0046777;GO:0106311;GO:0009877;GO:0106310	2.7.11.1	putative non-specific serine/threonine protein kinase	RLK-Pelle_LRR-I-1	sp|Q8L4H4|NORK_MEDTR	1907	PMID:12087406	"putative serine/threonine-protein kinase, active"	does not make infection 2 (receptor-like kinase)	PMID:12087406
MtrunA17Chr8g0355131	MtrunA17Chr8g0355131--MtDMI3	MtCCaMK (L.O.F)	MtDMI3	does not make infection 3			GO:0046777;GO:0004683;GO:0009877;GO:0009931;GO:0005634;GO:0005524;GO:0005516;GO:0005737;GO:0005509;GO:0016021;GO:0018105;GO:0106311;GO:0035556;GO:0106310	2.7.11.17	putative calcium/calmodulin-dependent protein kinase	CAMK_CAMK1-DCAMKL	sp|Q6RET7|CCAMK_MEDTR	1076	PMID:14963335	"putative serine/threonine-protein kinase, active"	does not make infection 3	PMID:14963335
MtrunA17Chr3g0087791	MtrunA17Chr3g0087791--MtDNF1	MtDNF1	MtDNF1	"DOES NOT FIX NITROGEN 1 (Signal peptidase complex 22-kD subunit, SPC22)"			GO:0005787;GO:0016021;GO:0008233;GO:0006465;GO:0045047	3.4.21.89	putative signal peptidase I				PMID:20185723	putative signal peptidase complex subunit 3	"DOES NOT FIX NITROGEN 1 (Signal peptidase complex 22-kD subunit, SPC22)"	PMID:20185723
MtrunA17Chr4g0044681	MtrunA17Chr4g0044681--MtDNF2	MtDNF2	MtDNF2	does not fix nitrogen 2 (phosphatidylinositol phospholipase C-like)			GO:0016021;GO:0008081;GO:0006629						PMID:23278348	"putative PLC-like phosphodiesterase, TIM beta/alpha-barrel domain superfamily"	does not fix nitrogen 2 (phosphatidylinositol phospholipase C-like)	PMID:23278348
MtrunA17Chr4g0002631	MtrunA17Chr4g0002631--MtEFD	MtEFD	MtEFD	ERF required for nodule Differentiation	AP2-EREBP	transcription factor	GO:0005634;GO:0003677;GO:0003700;GO:0006355						PMID:18978033	"putative AP2/ERF domain, DNA-binding domain superfamily, AP2/ERF domain superfamily"	ERF required for nodule Differentiation	PMID:18978033
MtrunA17Chr7g0264231	MtrunA17Chr7g0264231--MtEIN2|MtSKL1	MtSKL(LjEIN2a)	MtEIN2|MtSKL1	Ethylene-insensitive protein 2|SICKLE 1			GO:0070574;GO:0071421;GO:0015086;GO:0016021;GO:0005384;GO:0009873						PMID:18435823	putative NRAMP family	Ethylene-insensitive protein 2|SICKLE 1	PMID:18435823
MtrunA17Chr3g0082921	MtrunA17Chr3g0082921--MtENOD10	ENOD10	MtENOD10	early nodulin 10			GO:0009877								early nodulin 10	
MtrunA17Chr3g0082981	MtrunA17Chr3g0082981--MtENOD12	ENOD12	MtENOD12	early nodulin 12			GO:0005576;GO:0005618;GO:0009877;GO:0071555				sp|P30365|NO12_MEDTR	198	PMID:1446169		early nodulin 12	PMID:1446169
MtrunA17Chr4g0073901	MtrunA17Chr4g0073901--MtENOD16|MtENODL27	ENOD16	MtENOD16|MtENODL27	early nodulin 16|ENOD-like 27|Plantacyanin/Chemocyanin 70|Plantacyanin/Chemocyanin 72			GO:0016021;GO:0046658;GO:0009055;GO:0009877;GO:0022900				sp|P93328|NO16_MEDTR	371	PMID:9526510|PMID:30649463|PMID:29030416	"putative Phytocyanin domain, cupredoxin"	early nodulin 16|ENOD-like 27|Plantacyanin/Chemocyanin 70|Plantacyanin/Chemocyanin 72	PMID:9526510|PMID:30649463|PMID:29030416
MtrunA17Chr4g0073921	MtrunA17Chr4g0073921--MtENOD20|MtENODL28|MtPCY72	ENOD20	MtENOD20|MtENODL28|MtPCY72	early nodulin 20|ENOD-like 28			GO:0046658;GO:0009055;GO:0009877;GO:0022900				sp|P93329|NO20_MEDTR	520	PMID:9526510|PMID:30649463	"putative Phytocyanin domain, cupredoxin"	early nodulin 20|ENOD-like 28	PMID:9526510|PMID:30649463
MtrunA17Chr1g0160031	MtrunA17Chr1g0160031--MtENOD8.1	ENOD8.1	MtENOD8.1	early nodulin 8|AAC26810			GO:0004560;GO:0016788;GO:0008152	3.2.1.51	putative alpha-L-fucosidase				PMID:18321186	"putative GDSL lipase/esterase, SGNH hydrolase superfamily"	early nodulin 8|AAC26810	PMID:18321186
MtrunA17Chr1g0160011	MtrunA17Chr1g0160011--MtENOD8.2	ENOD8.2	MtENOD8.2	early nodulin 8			GO:0004560;GO:0016719;GO:0016788;GO:0052886;GO:0052887;GO:0008152	3.2.1.51	putative alpha-L-fucosidase				DOI:10.1016/S0168-9452(02)00132-2	"putative GDSL lipase/esterase, SGNH hydrolase superfamily"	early nodulin 8	DOI:10.1016/S0168-9452(02)00132-2
MtrunA17Chr3g0132211	MtrunA17Chr3g0132211--MtEPP1	EPP1	MtEPP1	early phospohorylated protein 1			GO:0102867;GO:0008265	2.8.1.9	putative molybdenum cofactor sulfurtransferase				PMID:30476329	"putative pyridoxal phosphate-dependent transferase, major domain"	early phospohorylated protein 1	PMID:30476329
MtrunA17Chr1g0186741	MtrunA17Chr1g0186741--MtERF1	LjERF1	MtERF1	"ethylene response factor 1 (TC105911, LjERF1-like)"	AP2-EREBP	transcription factor	GO:0005634;GO:0003677;GO:0003700;GO:0006355;GO:0009873						PMID:17249425	"putative AP2/ERF domain, DNA-binding domain superfamily, AP2/ERF domain superfamily"	"ethylene response factor 1 (TC105911, LjERF1-like)"	PMID:17249425
MtrunA17Chr7g0253424	MtrunA17Chr7g0253424--MtERN1	MtNOOT	MtERN1	ERF required for nodulation-1	AP2-EREBP	transcription factor	GO:0005634;GO:0003700;GO:0045893;GO:0043565;GO:0009877				sp|A2Q5W1|ERN1_MEDTR	559	PMID:17449807|PMID:17827349	"putative AP2/ERF domain, DNA-binding domain superfamily, AP2/ERF domain superfamily"	ERF required for nodulation-1	PMID:17449807|PMID:17827349
MtrunA17Chr6g0461271	MtrunA17Chr6g0461271--MtERN2	GmBCH1/GmBCH2	MtERN2	ERF required for nodulation-2	AP2-EREBP	transcription factor	GO:0005634;GO:0003700;GO:0045893;GO:0043565;GO:0009877				sp|A9Y0K8|ERN2_MEDTR	649	PMID:17827349	"putative AP2/ERF domain, DNA-binding domain superfamily, AP2/ERF domain superfamily"	ERF required for nodulation-2	PMID:17827349
MtrunA17Chr8g0378811	MtrunA17Chr8g0378811--MtERN3	ERN3	MtERN3	ERF required for nodulation-3	AP2-EREBP	transcription factor	GO:0005634;GO:0003700;GO:0045892;GO:0016021;GO:0043565;GO:0009877						PMID:17827349	"putative AP2/ERF domain, DNA-binding domain superfamily, AP2/ERF domain superfamily"	ERF required for nodulation-3	PMID:17827349
MtrunA17Chr3g0144511	MtrunA17Chr3g0144511--MtFIE.11|MtGbeta1	GmGŒ≤1/GmGŒ≤2/GmGŒ≤3/GmGŒ≤4	MtFIE.11|MtGbeta1	FERTILIZATION-INDEPENDENT ENDOSPERM (Polycomb group PcG protein)|heteromeric G-protein beta subunit1	WD40-like	transcription factor	GO:2000280;GO:0010154;GO:0007186;GO:0009991;GO:0005783;GO:0009845;GO:0042973;GO:0009867;GO:0009723;GO:0080008;GO:0048527;GO:0005975;GO:0072593;GO:0005834;GO:0030968;GO:0010118;GO:0031682;GO:0050832;GO:1905392						PMID:34299158|PMID:35095980	"putative G-protein, beta subunit"	FERTILIZATION-INDEPENDENT ENDOSPERM (Polycomb group PcG protein)|heteromeric G-protein beta subunit1	PMID:34299158|PMID:35095980
MtrunA17Chr3g0137261	MtrunA17Chr3g0137261--MtFLOT2	MtFLOT2	MtFLOT2	Flotillin 2 (EX527915)			GO:0005901;GO:0016324;GO:0009877;GO:0048364;GO:0072659						PMID:20018678	"putative Band 7 domain, Flotillin family, Band 7/SPFH domain superfamily"	Flotillin 2 (EX527915)	PMID:20018678
MtrunA17Chr3g0137271	MtrunA17Chr3g0137271--MtFLOT4	MtFLOT4	MtFLOT4	Flotillin 4 (TC133140)			GO:0005901;GO:0016324;GO:0009877;GO:0048364;GO:0072659						PMID:20018678	"putative Band 7 domain, Flotillin family, Band 7/SPFH domain superfamily"	Flotillin 4 (TC133140)	PMID:20018678
MtrunA17Chr3g0137301	MtrunA17Chr3g0137301--MtFLOT5	FLOT4	MtFLOT5	Flotillin 5 (TC126348)			GO:0005901;GO:0016324;GO:0009877;GO:0048364;GO:0072659				sp|D2XNR2|FLOT6_MEDTR	342	PMID:20018678	putative Flotillin family	Flotillin 5 (TC126348)	PMID:20018678
MtrunA17Chr6g0461061	MtrunA17Chr6g0461061--MtFLOT7|MtVPY	MtERN2	MtFLOT7|MtVPY	Flotillin 7 (TC117648)|VAPYRIN (TC104091)			GO:0005634;GO:0005737;GO:0005886;GO:0085042;GO:0005515;GO:0016301;GO:0002237;GO:0009609;GO:0009610;GO:0009877;GO:0016310;GO:0036377				sp|D3J162|VPY_MEDTR	1109	PMID:20018678|PMID:19912567	putative major sperm protein (MSP) domain	Flotillin 7 (TC117648)|VAPYRIN (TC104091)	PMID:20018678|PMID:19912567
MtrunA17Chr4g0037611	MtrunA17Chr4g0037611--MtGA2ox10	MtGA2ox10	MtGA2ox10	Gibberellin C20-GA2-oxidase 10  (GA inactivation)			GO:0016021;GO:0046872;GO:0051213						PMID:30976084	"putative oxoglutarate/iron-dependent dioxygenase, isopenicillin N synthase-like superfamily"	Gibberellin C20-GA2-oxidase 10  (GA inactivation)	PMID:30976084
MtrunA17Chr1g0151141	MtrunA17Chr1g0151141--MtGalpha1	GmGŒ±	MtGalpha1	heteromeric G-protein alpha subunit1			GO:0005525;GO:0001664;GO:0005834;GO:0046872;GO:0003924;GO:0007188;GO:0031683						PMID:35095980	"putative G protein alpha subunit, helical insertion"	heteromeric G-protein alpha subunit1	PMID:35095980
MtrunA17Chr6g0479141	MtrunA17Chr6g0479141--MtGS1a	GS1a	MtGS1a	cytosolic glutamine synthetase			GO:0005524;GO:0005737;GO:0006542;GO:0004356	6.3.1.2	putative glutamine synthetase				PMID:12970490	"putative glutamine synthetase, catalytic domain, glutamine synthetase, beta-Grasp domain"	cytosolic glutamine synthetase	PMID:12970490
MtrunA17Chr3g0110261	MtrunA17Chr3g0110261--MtGS1b	GS1b	MtGS1b	cytosolic glutamine synthetase			GO:0005524;GO:0005737;GO:0006542;GO:0006066;GO:0004022;GO:0004356	6.3.1.2	putative glutamine synthetase				PMID:24053168	"putative glutamine synthetase, catalytic domain, glutamine synthetase, beta-Grasp domain"	cytosolic glutamine synthetase	PMID:24053168
MtrunA17Chr2g0287211	MtrunA17Chr2g0287211--MtGS2a	GS2a	MtGS2a	plastid glutamine synthetase			GO:0005524;GO:0009507;GO:0016021;GO:0006542;GO:0004356	6.3.1.2	putative glutamine synthetase				PMID:20723225	"putative glutamine synthetase, catalytic domain, glutamine synthetase, beta-Grasp domain"	plastid glutamine synthetase	PMID:20723225
MtrunA17Chr2g0287181	MtrunA17Chr2g0287181--MtGS2b	GS2b	MtGS2b	plastid glutamine synthetase			GO:0005524;GO:0009507;GO:0016021;GO:0006542;GO:0004356	6.3.1.2	putative glutamine synthetase				PMID:20723225	"putative glutamine synthetase, catalytic domain, glutamine synthetase, beta-Grasp domain"	plastid glutamine synthetase	PMID:20723225
MtrunA17Chr5g0409031	MtrunA17Chr5g0409031--MtHMGR1	HMGR1	MtHMGR1	3-hydroxy-3-methylglutaryl coenzyme A reductase 1			GO:0005789;GO:0005778;GO:0005515;GO:0042282;GO:0016021;GO:0015936;GO:0008299;GO:0004420;GO:0016126	1.1.1.34	putative hydroxymethylglutaryl-CoA reductase (NADPH)				PMID:18156218	"putative hydroxymethylglutaryl-CoA reductase, class I/II"	3-hydroxy-3-methylglutaryl coenzyme A reductase 1	PMID:18156218
MtrunA17Chr5g0409341	MtrunA17Chr5g0409341--MtIPD3	LjCYCLOPS (MtIPD3)	MtIPD3	Interacting protein of DMI3			GO:0005634;GO:0003700;GO:0042803;GO:0043565;GO:0009877;GO:0036377;GO:0045893				sp|A7TUE1|CCLOP_MEDTR	1056	PMID:17722695	putative protein CYCLOPS	Interacting protein of DMI3	PMID:17722695
MtrunA17Chr1g0209731	MtrunA17Chr1g0209731--MtIPT1	IPT1	MtIPT1	isopentenyl transferase			GO:0005739;GO:0005524;GO:0009824;GO:0052381;GO:0006400	2.5.1.-	putative transferase				PMID:26351356|PMID:29593763	"putative P-loop containing nucleoside triphosphate hydrolase, dimethylallyltransferase"	isopentenyl transferase	PMID:26351356|PMID:29593763
MtrunA17Chr2g0287691	MtrunA17Chr2g0287691--MtIPT1|MtIPT4	IPT4	MtIPT1|MtIPT4	isopentenyl transferase			GO:0005739;GO:0009824;GO:0052381;GO:0006400;GO:0009691	2.5.1.-	putative transferase				PMID:25804975|PMID:26351356	"putative P-loop containing nucleoside triphosphate hydrolase, dimethylallyltransferase"	isopentenyl transferase	PMID:25804975|PMID:26351356
MtrunA17Chr1g0185751	MtrunA17Chr1g0185751--MtIPT3	LjIPT3	MtIPT3	isopentenyl transferase			GO:0005634;GO:0005739;GO:0009536;GO:0009824;GO:0052381;GO:0006400;GO:0009691	2.5.1.-	putative transferase				PMID:26351356|PMID:29593763	"putative P-loop containing nucleoside triphosphate hydrolase, dimethylallyltransferase"	isopentenyl transferase	PMID:26351356|PMID:29593763
MtrunA17Chr2g0305101	MtrunA17Chr2g0305101--MtKNOX10	MtKNAT3/MtKNAT5/MtKNAT9/MtKNAT10	MtKNOX10	KNOX transcription factor	Homeodomain-TALE-KNOX	transcription factor	GO:0005634;GO:0000978;GO:0000981;GO:0006357						PMID:26351356	"putative Homeobox domain, ELK domain, Homeobox-like domain superfamily"	KNOX transcription factor	PMID:26351356
MtrunA17Chr1g0149651	MtrunA17Chr1g0149651--MtKNOX3	KNOX3	MtKNOX3	KNOX transcription factor	Homeodomain-TALE-KNOX	transcription factor	GO:0005634;GO:0000978;GO:0000981;GO:0006357						PMID:26351356	"putative Homeobox domain, ELK domain, Homeobox-like domain superfamily"	KNOX transcription factor	PMID:26351356
MtrunA17Chr3g0137241	MtrunA17Chr3g0137241--MtKNOX5	KNOX5	MtKNOX5	KNOX transcription factor	Homeodomain-TALE-KNOX	transcription factor	GO:0005634;GO:0000978;GO:0000981;GO:0006357						PMID:26351356	"putative Homeobox domain, ELK domain, Homeobox-like domain superfamily"	KNOX transcription factor	PMID:26351356
MtrunA17Chr4g0065241	MtrunA17Chr4g0065241--MtKNOX9	KNOX9	MtKNOX9	KNOX transcription factor	Homeodomain-TALE-KNOX	transcription factor	GO:0005634;GO:0000978;GO:0000981;GO:0006357						PMID:26351356	"putative Homeobox domain, ELK domain, Homeobox-like domain superfamily"	KNOX transcription factor	PMID:26351356
MtrunA17Chr1g0147631	MtrunA17Chr1g0147631--MtLATD/NIP|MtNPF1.7	MtNIP/MtLATD/MtNPF1.7	MtLATD/NIP|MtNPF1.7	lateral root organ defective/NUMEROUS INFECTIONS AND POLYPHENOLICS|NRT1/ PTR FAMILY|nitrate / peptide transporter family			GO:0015112;GO:0055085;GO:0015706;GO:0016021;GO:0010015;GO:0005886;GO:0042128						PMID:25192698|PMID:27375649	"putative proton-dependent oligopeptide transporter family, MFS transporter superfamily"	lateral root organ defective/NUMEROUS INFECTIONS AND POLYPHENOLICS|NRT1/ PTR FAMILY|nitrate / peptide transporter family	PMID:25192698|PMID:27375649
MtrunA17Chr7g0241841	MtrunA17Chr7g0241841--MtLAX2	PvBPS1	MtLAX2	Like Aux1 (auxin influx carrier)-2 (AY115843)			GO:0005886;GO:0016021;GO:0015293;GO:0006865;GO:0009734;GO:0055085						PMID:15375694	"putative amino acid transporter, transmembrane domain"	Like Aux1 (auxin influx carrier)-2 (AY115843)	PMID:15375694
MtrunA17Chr1g0170851	MtrunA17Chr1g0170851--MtLb10|MtLb2	LB29	MtLb10|MtLb2	leghemoglobin10			GO:0005344;GO:0019825;GO:0020037;GO:0046872;GO:0015671						PMID:32003030|PMID:32442331	putative Globin-like superfamily	leghemoglobin10	PMID:32003030|PMID:32442331
MtrunA17Chr5g0435981	MtrunA17Chr5g0435981--MtLb7|MtLb10	Lb1	MtLb7|MtLb10	leghemoglobin7			GO:0005344;GO:0019825;GO:0020037;GO:0046872;GO:0015671						PMID:32003030|PMID:32442331	"putative Globin-like superfamily, leghaemoglobin, iron-binding"	leghemoglobin7	PMID:32003030|PMID:32442331
MtrunA17Chr3g0092881	MtrunA17Chr3g0092881--MtLegin38	N11	MtLegin38	Leginsulin									PMID:29030416		Leginsulin	PMID:29030416
MtrunA17Chr3g0092851	MtrunA17Chr3g0092851--MtLegin44|MtN17	N17	MtLegin44|MtN17	Leginsulin 44|Mtnodulin 17									PMID:29030416|PMID:8634476		Leginsulin 44|Mtnodulin 17	PMID:29030416|PMID:8634476
MtrunA17Chr1g0196911	MtrunA17Chr1g0196911--MtLIN|MtPUB9	LIN (LjCERBERUS)	MtLIN|MtPUB9	lumpy infections|Plant U-box protein 9	WD40-like	transcription factor	GO:0004842;GO:0005515;GO:0016746;GO:0009877;GO:0016567				sp|D1FP53|LIN_MEDTR	3069	PMID:19776163|PMID:28771553	"putative U-box domain, armadillo-like helical, Zinc finger, RING/FYVE/PHD-type"	lumpy infections|Plant U-box protein 9	PMID:19776163|PMID:28771553
MtrunA17Chr7g0264181	MtrunA17Chr7g0264181--MtLOG1	MtLOG1	MtLOG1	cytokinin biosynthesis			GO:0005634;GO:0005829;GO:0102682;GO:0009691						PMID:24443934	putative LOG family	cytokinin biosynthesis	PMID:24443934
MtrunA17Chr7g0236391	MtrunA17Chr7g0236391--MtLP11	MtRSD	MtLP11	LEED..PEED family			GO:0016021						PMID:29030416		LEED..PEED family	PMID:29030416
MtrunA17Chr5g0439801	MtrunA17Chr5g0439801--MtLYK1	LYK1	MtLYK1	LysM domain-containing receptor-like kinase 1			GO:0005524;GO:0019199;GO:0045087;GO:0016021;GO:0004674;GO:0006468	2.7.11.1	putative non-specific serine/threonine protein kinase	RLK-Pelle_LysM			PMID:12947035	"putative serine/threonine-protein kinase, active"	LysM domain-containing receptor-like kinase 1	PMID:12947035
MtrunA17Chr5g0413071	MtrunA17Chr5g0413071--MtLYK10	LjEPR3	MtLYK10	LysM domain-containing receptor-like kinase 10 (EPR3 / exopolysaccharide receptor)			GO:0005524;GO:0019199;GO:0045087;GO:0016021;GO:0006468;GO:0005886	2.7.11.1	putative non-specific serine/threonine protein kinase	RLK-Pelle_LysM			PMID:16844829	"putative serine/threonine-protein kinase, active"	LysM domain-containing receptor-like kinase 10 (EPR3 / exopolysaccharide receptor)	PMID:16844829
MtrunA17Chr5g0439631	MtrunA17Chr5g0439631--MtLYK3	MtPNO1-like	MtLYK3	LysM domain-containing receptor-like kinase 3			GO:0005524;GO:0005515;GO:0019199;GO:0045087;GO:0009609;GO:0016021;GO:0046777;GO:0106311;GO:0009877;GO:0005886;GO:0106310;GO:0005775	2.7.11.1	putative non-specific serine/threonine protein kinase	RLK-Pelle_LysM	sp|Q6UD73|LYK3_MEDTR	1278	PMID:12947035	"putative serine/threonine-protein kinase, active"	LysM domain-containing receptor-like kinase 3	PMID:12947035
MtrunA17Chr5g0439621	MtrunA17Chr5g0439621--MtLYK4	LYK4	MtLYK4	LysM domain-containing receptor-like kinase 4			GO:0005524;GO:0019199;GO:0045087;GO:0016021;GO:0004674;GO:0006468	2.7.11.1	putative non-specific serine/threonine protein kinase	RLK-Pelle_LysM			PMID:12947035	"putative serine/threonine-protein kinase, active"	LysM domain-containing receptor-like kinase 4	PMID:12947035
MtrunA17Chr5g0439571	MtrunA17Chr5g0439571--MtLYK6	"LjNFR1, MtLYK3"	MtLYK6	LysM domain-containing receptor-like kinase 6			GO:0005524;GO:0019199;GO:0045087;GO:0016021;GO:0004674;GO:0006468	2.7.11.1	putative non-specific serine/threonine protein kinase	RLK-Pelle_LysM			PMID:12947035	"putative serine/threonine-protein kinase, active"	LysM domain-containing receptor-like kinase 6	PMID:12947035
MtrunA17Chr2g0289131	MtrunA17Chr2g0289131--MtLYK8	LYK8	MtLYK8	LysM domain-containing receptor-like kinase 8			GO:0005524;GO:0019199;GO:0045087;GO:0016021;GO:0004674;GO:0006468;GO:0005886	2.7.11.1	putative non-specific serine/threonine protein kinase	RLK-Pelle_LysM			PMID:12947035	"putative serine/threonine-protein kinase, active"	LysM domain-containing receptor-like kinase 8	PMID:12947035
MtrunA17Chr3g0114621	MtrunA17Chr3g0114621--MtLYM1	LYM1	MtLYM1	LysM domain-containing GPI-anchored protein 1			GO:0016021						PMID:16844829	putative LysM domain	LysM domain-containing GPI-anchored protein 1	PMID:16844829
MtrunA17Chr4g0052691	MtrunA17Chr4g0052691--MtLYM2	LYM2	MtLYM2	LysM domain-containing GPI-anchored protein 2			GO:0016021						PMID:16844829	putative LysM domain	LysM domain-containing GPI-anchored protein 2	PMID:16844829
MtrunA17Chr1g0154511	MtrunA17Chr1g0154511--MtLYR2	LYR2	MtLYR2	LYK (LysM domain-RLK)-related 2			GO:0005886;GO:0016021;GO:0004672;GO:0005524;GO:0006468	2.7.11.1	putative non-specific serine/threonine protein kinase	RLK-Pelle_LysM			PMID:16844829	"putative protein kinase domain, LysM domain, LysM domain superfamily"	LYK (LysM domain-RLK)-related 2	PMID:16844829
MtrunA17Chr5g0403381	MtrunA17Chr5g0403381--MtLYR3	LYR3 / NFBP2	MtLYR3	LYK (LysM domain-RLK)-related 3			GO:0005886;GO:0016021;GO:0004672;GO:0005515;GO:0005524;GO:0006468	2.7.11.1	putative non-specific serine/threonine protein kinase	RLK-Pelle_LysM			PMID:16844829	"putative protein kinase domain, LysM domain, LysM domain superfamily"	LYK (LysM domain-RLK)-related 3	PMID:16844829
MtrunA17Chr7g0248881	MtrunA17Chr7g0248881--MtLYR6	LYR6	MtLYR6	LYK (LysM domain-RLK)-related 6			GO:0005524;GO:0016021;GO:0007166;GO:0004674;GO:0006468;GO:0005886	2.7.11.1	putative non-specific serine/threonine protein kinase	RLK-Pelle_WAK			PMID:16844829	"putative serine/threonine-protein kinase, active"	LYK (LysM domain-RLK)-related 6	PMID:16844829
MtrunA17Chr4g0045841	MtrunA17Chr4g0045841--MtMAPK6	LjMPK6	MtMAPK6	MAP kinase			GO:0051301;GO:0005634;GO:0005524;GO:0000165;GO:0005737;GO:0000746;GO:0004707;GO:0006468;GO:0106311;GO:0106310;GO:0007049	2.7.11.24	putative mitogen-activated protein kinase	CMGC_MAPK			PMID:24317362	"putative serine/threonine-protein kinase, active"	MAP kinase	PMID:24317362
MtrunA17Chr4g0000481	MtrunA17Chr4g0000481--MtMAPKK4|MtMPKK5	LjSIP2	MtMAPKK4|MtMPKK5	mitogen-activated protein kinase kinase  (LjSIP2-like)			GO:0000187;GO:0005634;GO:0005524;GO:0043161;GO:0005737;GO:0004708;GO:0006289;GO:0004674;GO:0018105;GO:0003684	2.7.12.2	putative mitogen-activated protein kinase kinase	STE_STE7			PMID:24317362|PMID:27935060|PMID:28152300	"putative serine/threonine-protein kinase, active"	mitogen-activated protein kinase kinase  (LjSIP2-like)	PMID:24317362|PMID:27935060|PMID:28152300
MtrunA17Chr8g0352151	MtrunA17Chr8g0352151--MtMATE68	PvANN1	MtMATE68	multidrug and toxic compound extrusion family			GO:0015137;GO:0042910;GO:0055085;GO:0015297;GO:0016021;GO:0042908;GO:0015746;GO:0005886						PMID:28052433	putative multi antimicrobial extrusion protein	multidrug and toxic compound extrusion family	PMID:28052433
MtrunA17Chr3g0088471	MtrunA17Chr3g0088471--MtMATE69	LjMATE1	MtMATE69	multidrug and toxic compound extrusion family			GO:0015137;GO:0042910;GO:0055085;GO:0015297;GO:0016021;GO:0042908;GO:0015746;GO:0005886						PMID:28052433	putative multi antimicrobial extrusion protein	multidrug and toxic compound extrusion family	PMID:28052433
MtrunA17Chr7g0263361	MtrunA17Chr7g0263361--MtMCA8	MCA8	MtMCA8	type IIA calcium ATPase 8 (BK007879)			GO:0005524;GO:1902600;GO:0070588;GO:0016021;GO:0008553;GO:0005783;GO:0005388;GO:0005886;GO:0006874;GO:0016787	7.2.2.10	putative P-type Ca(2+) transporter				PMID:21825141	"putative P-type ATPase, HAD superfamily, P-type ATPase, transmembrane domain superfamily"	type IIA calcium ATPase 8 (BK007879)	PMID:21825141
MtrunA17Chr1g0148521	MtrunA17Chr1g0148521--MtMOT1.2	MtMOT1.2	MtMOT1.2	Molybdate transporter			GO:0016021;GO:0015098;GO:0015689						PMID:28805962	putative molybdate transporter 1/2	Molybdate transporter	PMID:28805962
MtrunA17Chr3g0105081	MtrunA17Chr3g0105081--MtMOT1.3	MtMOT1.3	MtMOT1.3	Molybdate transporter			GO:0016021;GO:0015098;GO:0015689						PMID:28805962	putative molybdate transporter 1/2	Molybdate transporter	PMID:28805962
MtrunA17Chr4g0032191	MtrunA17Chr4g0032191--MtMTP2	MtMTP2	MtMTP2	Metal Tolerance Protein 2			GO:0005385;GO:0016021;GO:0071577;GO:0005773;GO:0005886						DOI:10.3389/fpls.2018.00990	putative cation efflux protein	Metal Tolerance Protein 2	DOI:10.3389/fpls.2018.00990
MtrunA17Chr4g0067921	MtrunA17Chr4g0067921--MtN13	N13	MtN13	Mtodulin 13 (Y10455.1 GENBANK)			GO:0005634;GO:0005737;GO:0004864;GO:0010427;GO:0038023;GO:0006952;GO:0009607;GO:0009736;GO:0009738;GO:0009877;GO:0032515;GO:0080163				sp|P93330|NOD13_MEDTR	330	PMID:8634476	putative Bet v I/Major latex protein	Mtodulin 13 (Y10455.1 GENBANK)	PMID:8634476
MtrunA17Chr4g0064831	MtrunA17Chr4g0064831--MtN15|MtPDF2	N15	MtN15|MtPDF2	Mtnodulin 15|Plant Defensin 2			GO:0016021;GO:0031640;GO:0050832						PMID:8634476|PMID:29030416	"putative knottin, scorpion toxin"	Mtnodulin 15|Plant Defensin 2	PMID:8634476|PMID:29030416
MtrunA17Chr6g0488881	MtrunA17Chr6g0488881--MtN18	N18	MtN18	Mtnodulin 18			GO:0005811;GO:0000250;GO:0042299;GO:0042300;GO:0019745	5.4.99.41	putative lupeol synthase				PMID:8634476	putative terpenoid cyclases/protein prenyltransferase alpha-alpha toroid	Mtnodulin 18	PMID:8634476
MtrunA17Chr7g0253571	MtrunA17Chr7g0253571--MtN20	GRF1/MtN20	MtN20	Mtnodulin 20	GRF	transcription factor	GO:0016020;GO:0008270						PMID:8634476	"putative Zinc finger, GRF-type"	Mtnodulin 20	PMID:8634476
MtrunA17Chr3g0081511	MtrunA17Chr3g0081511--MtN21	UMAMIT9 / N21	MtN21	Mtnodulin 21			GO:0055085;GO:0022857;GO:0016021;GO:0005886						PMID:8634476	putative EamA domain	Mtnodulin 21	PMID:8634476
MtrunA17Chr6g0450781	MtrunA17Chr6g0450781--MtN24	N24	MtN24	Mtnodulin 24			GO:0005886;GO:0016021;GO:0051539				sp|O24088|N24_MEDTR	485	PMID:8634476	putative casparian strip membrane protein domain	Mtnodulin 24	PMID:8634476
MtrunA17Chr7g0273961	MtrunA17Chr7g0273961--MtN26	N26	MtN26	Mtnodulin 26									PMID:8634476		Mtnodulin 26	PMID:8634476
MtrunA17Chr5g0445131	MtrunA17Chr5g0445131--MtN5	N5	MtN5	Mtnodulin 5			GO:0005504;GO:0009627						PMID:8634478	putative lipid-transfer protein DIR1	Mtnodulin 5	PMID:8634478
MtrunA17Chr1g0180241	MtrunA17Chr1g0180241--MtN6	N6	MtN6	Mtnodulin 6 (AJ133118 GENBANK)			GO:0004356;GO:0016787;GO:0006542						PMID:8634479		Mtnodulin 6 (AJ133118 GENBANK)	PMID:8634479
MtrunA17Chr3g0111421	MtrunA17Chr3g0111421--MtN7	N7	MtN7	Mtnodulin 7			GO:0005515						PMID:8634480	"putative leucine-rich repeat domain superfamily, F-box-like domain superfamily"	Mtnodulin 7	PMID:8634480
MtrunA17Chr1g0186761	MtrunA17Chr1g0186761--MtN8|MtLP14	N8	MtN8|MtLP14	Mtnodulin 8|LEED..PEED family			GO:0016021						PMID:8634481|PMID:29030416		Mtnodulin 8|LEED..PEED family	PMID:8634481|PMID:29030416
MtrunA17Chr4g0042561	MtrunA17Chr4g0042561--MtNAC969	MtNAC969	MtNAC969	NAC domain containing protein 969	NAM	transcription factor	GO:0003677;GO:0006355						PMID:22098255	putative NAC domain	NAC domain containing protein 969	PMID:22098255
MtrunA17Chr7g0222521	MtrunA17Chr7g0222521--MtNAD1	MtFNSII	MtNAD1	Nodules with Activated Defense 1			GO:0016021						PMID:27245091		Nodules with Activated Defense 1	PMID:27245091
MtrunA17Chr7g0229931	MtrunA17Chr7g0229931--MtNCR169	LjCCD7	MtNCR169	Nodule-specific Cysteine-Rich peptide (corresponds to dnf7 mutation)									PMID:28438996|PMID:29030416		Nodule-specific Cysteine-Rich peptide (corresponds to dnf7 mutation)	PMID:28438996|PMID:29030416
MtrunA17Chr5g0433201	MtrunA17Chr5g0433201--MtNDR1	NDR1	MtNDR1	Non-race specific disease resistance protein 1 (Required for resistance conferred by multiple R genes)			GO:0016021						PMID:27245091	"putative Late embryogenesis abundant protein, LEA_2 subgroup"	Non-race specific disease resistance protein 1 (Required for resistance conferred by multiple R genes)	PMID:27245091
MtrunA17Chr1g0177091	MtrunA17Chr1g0177091--MtNF-YA1	MtNF-YA1	MtNF-YA1	nuclear factor Y subunit A1	Hap2/NF-YA	transcription factor	GO:0005634;GO:0000978;GO:0000981;GO:0006357						PMID:17114582	putative nuclear transcription factor Y subunit A	nuclear factor Y subunit A1	PMID:17114582
MtrunA17Chr7g0272991	MtrunA17Chr7g0272991--MtNF-YC2	LjPIR	MtNF-YC2	nuclear factor Y subunit C2	Hap3/NF-YB	transcription factor	GO:0005634;GO:0001228;GO:0046982;GO:0045944						PMID:22939172	"putative transcription factor CBF/NF-Y/archaeal histone domain, histone-fold"	nuclear factor Y subunit C2	PMID:22939172
MtrunA17Chr4g0065501	MtrunA17Chr4g0065501--MtNFH1	NFH1 (CHIT5a) - 1st part	MtNFH1	Nod factor hydrolase 1 (MtCHIT5)			GO:0004568;GO:0008061;GO:0000272;GO:0006032;GO:0050832;GO:0005576;GO:0009877				sp|U5N4E3|NFH1_MEDTR	767	PMID:24082029	"putative glycoside hydrolase family 18, catalytic domain, glycosyl hydrolase family 18 (GH18) active"	Nod factor hydrolase 1 (MtCHIT5)	PMID:24082029
MtrunA17Chr5g0403371	MtrunA17Chr5g0403371--MtNFP	LjNFR5	MtNFP	Nod factor perception			GO:0018108;GO:0005524;GO:0002237;GO:0004713;GO:0005515;GO:1900150;GO:0006486;GO:0016021;GO:0005886;GO:0009877;GO:1902290;GO:0005775	2.7.11.1	putative non-specific serine/threonine protein kinase	RLK-Pelle_LysM	sp|Q0GXS4|NFP_MEDTR	1220	PMID:16844829	"putative tyrosine-protein kinase, active"	Nod factor perception	PMID:16844829
MtrunA17Chr5g0448621	MtrunA17Chr5g0448621--MtNIN	LjKLV	MtNIN	NODULE INCEPTION	Nin-like	transcription factor	GO:0003700;GO:0005515						PMID:15542588	"putative PB1 domain, RWP-RK domain, protein NLP"	NODULE INCEPTION	PMID:15542588
MtrunA17Chr8g0379901	MtrunA17Chr8g0379901--MtNIP1	Nip1-2 / Nodulin26-1	MtNIP1	NOD26-like intrinsic protein 1 (aquaporin)			GO:0015267;GO:0055085;GO:0016021						PMID:17109903	putative major intrinsic protein	NOD26-like intrinsic protein 1 (aquaporin)	PMID:17109903
MtrunA17Chr8g0379911	MtrunA17Chr8g0379911--MtNIP2	Nip1-1 / Nodulin26-2	MtNIP2	NOD26-like intrinsic protein 2 (aquaporin)			GO:0015267;GO:0055085;GO:0016021						PMID:17109903	putative major intrinsic protein	NOD26-like intrinsic protein 2 (aquaporin)	PMID:17109903
MtrunA17Chr3g0143921	MtrunA17Chr3g0143921--MtNLP1	MtNLP1	MtNLP1	NIN-like protein 1 (MtNLP5|PMID:24987011)	Nin-like	transcription factor	GO:0003700;GO:0005515						PMID:30297831	"putative PB1 domain, RWP-RK domain, protein NLP"	NIN-like protein 1 (MtNLP5|PMID:24987011)	PMID:30297831
MtrunA17Chr1g0203081	MtrunA17Chr1g0203081--MtNLP4	LjNRSYM1	MtNLP4	NIN-like protein 4 (MtNLP3 |PMID:24987011)	Nin-like	transcription factor	GO:0003700;GO:0005515						PMID:30297831	"putative PB1 domain, RWP-RK domain, protein NLP"	NIN-like protein 4 (MtNLP3 |PMID:24987011)	PMID:30297831
MtrunA17Chr5g0393841	MtrunA17Chr5g0393841--MtNMN1	GmNMNa	MtNMN1	Nucleolar/Mitochondrial protein involved in Nodulation									PMID:25527707		Nucleolar/Mitochondrial protein involved in Nodulation	PMID:25527707
MtrunA17Chr3g0100391	MtrunA17Chr3g0100391--MtNOD25|MtN22	NOD25	MtNOD25|MtN22	nodulin 25|Mtnodulin-22 (CAA75576)			GO:0016021;GO:0043662;GO:0009877						PMID:19061403|PMID:8634476		nodulin 25|Mtnodulin-22 (CAA75576)	PMID:19061403|PMID:8634476
MtrunA17Chr3g0094011	MtrunA17Chr3g0094011--MtNodGRP4|MtN25	N25	MtNodGRP4|MtN25	Nodule-specific Glycine-rich 4|Mtnodulin 25			GO:0016020						PMID:29030416|PMID:8634476		Nodule-specific Glycine-rich 4|Mtnodulin 25	PMID:29030416|PMID:8634476
MtrunA17Chr7g0256321	MtrunA17Chr7g0256321--MtNOOT1	GmPT5	MtNOOT1	NODULE ROOT 1	ABTB	chromatin remodeling & transcription regulator	GO:0005634;GO:0005515;GO:0009908;GO:0009864;GO:0010865;GO:0009877;GO:0016567				sp|Q2HW56|NOOT1_MEDTR	993	PMID:26390061	putative regulatory protein NPR5/6	NODULE ROOT 1	PMID:26390061
MtrunA17Chr2g0332661	MtrunA17Chr2g0332661--MtNPD1	NPD1	MtNPD1	Nodule-specific PLAT-domain  1			GO:0005737;GO:0005515						PMID:31061106|PMID:30664233	putative PLAT/LH2 domain superfamily	Nodule-specific PLAT-domain  1	PMID:31061106|PMID:30664233
MtrunA17Chr2g0332671	MtrunA17Chr2g0332671--MtNPD2	NPD2	MtNPD2	Nodule-specific PLAT-domain  2			GO:0005737;GO:0005515						PMID:31061106|PMID:30664233	putative PLAT/LH2 domain superfamily	Nodule-specific PLAT-domain  2	PMID:31061106|PMID:30664233
MtrunA17Chr2g0332681	MtrunA17Chr2g0332681--MtNPD3	NPD3	MtNPD3	Nodule-specific PLAT-domain  3			GO:0005737;GO:0005515						PMID:31061106|PMID:30664233	putative PLAT/LH2 domain superfamily	Nodule-specific PLAT-domain  3	PMID:31061106|PMID:30664233
MtrunA17Chr2g0332731	MtrunA17Chr2g0332731--MtNPD4	NPD4	MtNPD4	Nodule-specific PLAT-domain  4			GO:0005737;GO:0005515						PMID:31061106|PMID:30664233	putative PLAT/LH2 domain superfamily	Nodule-specific PLAT-domain  4	PMID:31061106|PMID:30664233
MtrunA17Chr2g0332751	MtrunA17Chr2g0332751--MtNPD5	NPD5	MtNPD5	Nodule-specific PLAT-domain  5			GO:0005737;GO:0005515						PMID:31061106|PMID:30664233	putative PLAT/LH2 domain superfamily	Nodule-specific PLAT-domain  5	PMID:31061106|PMID:30664233
MtrunA17Chr3g0123331	MtrunA17Chr3g0123331--MtNPL	LjNPL	MtNPL	nodulation pectate lyase (LjNPL orthologue)			GO:0005618;GO:0030570;GO:0046872;GO:0045490	4.2.2.2	putative pectate lyase				PMID:22203959	"putative pectate lyase, pectin lyase/virulence factor"	nodulation pectate lyase (LjNPL orthologue)	PMID:22203959
MtrunA17Chr3g0124971	MtrunA17Chr3g0124971--MtNRAMP1	MtNRAMP	MtNRAMP1	Natural Resistance-Associated Macrophage Protein1 (iron uptake)			GO:0070574;GO:0071421;GO:0015086;GO:0016021;GO:0005384						PMID:25818701	putative NRAMP family	Natural Resistance-Associated Macrophage Protein1 (iron uptake)	PMID:25818701
MtrunA17Chr8g0344101	MtrunA17Chr8g0344101--MtNSP1	LjMATE1	MtNSP1	Nodulation Signaling Pathway 1	GRAS	transcription factor	GO:0005634;GO:0016021;GO:0003700;GO:0043565;GO:0006355;GO:0009877;GO:0042446;GO:2000032				sp|Q4VYC8|NSP1_MEDTR	1152	PMID:15961669	putative transcription factor GRAS	Nodulation Signaling Pathway 1	PMID:15961669
MtrunA17Chr3g0114841	MtrunA17Chr3g0114841--MtNSP2	MtNSP2	MtNSP2	Nodulation Signaling Pathway 2	GRAS	transcription factor	GO:0005783;GO:0031965;GO:0003700;GO:0005515;GO:0043565;GO:0006355;GO:0009877				sp|Q5NE24|NSP2_MEDTR	1051	PMID:15961668	putative transcription factor GRAS	Nodulation Signaling Pathway 2	PMID:15961668
MtrunA17Chr5g0398211	MtrunA17Chr5g0398211--MtNYE1	MtSGR	MtNYE1	"non-yellowing 1 (=stay green 1, SG1)"			GO:0009507;GO:0010271						PMID:25922487	putative staygreen protein	"non-yellowing 1 (=stay green 1, SG1)"	PMID:25922487
MtrunA17Chr2g0294361	MtrunA17Chr2g0294361--MtPHYB	LjPHYB	MtPHYB	phytochrome  B			GO:0000155;GO:0005634;GO:0017009;GO:0042803;GO:0009585;GO:0009881;GO:0009584;GO:0000160;GO:0018298;GO:0006355;GO:0016310						PMID:34528312	"putative PAS domain, phytochrome, GAF domain, histidine kinase/HSP90-like ATPase"	phytochrome  B	PMID:34528312
MtrunA17Chr4g0034301	MtrunA17Chr4g0034301--MtPhytogb1.1|MtGlb1-1	LjGLB1	MtPhytogb1.1|MtGlb1-1	non-symbiotic hemoglobin (ns-Hb)			GO:0005737;GO:0016363;GO:0005344;GO:0019825;GO:0020037;GO:0046872;GO:0015671						PMID:32003030|PMID:32442331	putative Globin-like superfamily	non-symbiotic hemoglobin (ns-Hb)	PMID:32003030|PMID:32442331
MtrunA17Chr4g0071571	MtrunA17Chr4g0071571--MtPIN2	MtPIN2/MtPIN3/MtPIN4	MtPIN2	PIN-FORMED auxin efflux carrier component			GO:0010252;GO:0055085;GO:0005783;GO:0000323;GO:0009723;GO:0009926;GO:0009749;GO:0009958;GO:0009925;GO:0001666;GO:0010329;GO:0016021;GO:0010315						PMID:15375694	putative membrane transport protein	PIN-FORMED auxin efflux carrier component	PMID:15375694
MtrunA17Chr1g0160461	MtrunA17Chr1g0160461--MtPIN3	MtPIN2/MtPIN3/MtPIN4	MtPIN3	PIN-FORMED auxin efflux carrier component			GO:0009926;GO:0010252;GO:0055085;GO:0010329;GO:0016021;GO:0005783;GO:0010315;GO:0005886						PMID:15375694	putative membrane transport protein	PIN-FORMED auxin efflux carrier component	PMID:15375694
MtrunA17Chr6g0478431	MtrunA17Chr6g0478431--MtPIN4	LjNENA	MtPIN4	PIN-FORMED auxin efflux carrier component			GO:0009926;GO:0010252;GO:0055085;GO:0010329;GO:0016021;GO:0005783;GO:0010315;GO:0005886						PMID:15375694	putative membrane transport protein	PIN-FORMED auxin efflux carrier component	PMID:15375694
MtrunA17Chr2g0328971	MtrunA17Chr2g0328971--MtPLT1	MtPLT1/MtPLT2/MtPLT3/MtPLT4	MtPLT1	plethora 1 (in situ hybridization in PMID:24483147)	AP2-EREBP	transcription factor	GO:0005634;GO:0003677;GO:0003700;GO:0006355						PMID:26253408	"putative AP2/ERF domain, DNA-binding domain superfamily, AP2/ERF domain superfamily"	plethora 1 (in situ hybridization in PMID:24483147)	PMID:26253408
MtrunA17Chr4g0032631	MtrunA17Chr4g0032631--MtPLT2	MtPLT1/MtPLT2/MtPLT3/MtPLT4	MtPLT2	plethora 2 (ERF transcription factor)	AP2-EREBP	transcription factor	GO:0005634;GO:0003677;GO:0003700;GO:0006355						PMID:26253408	"putative AP2/ERF domain, DNA-binding domain superfamily, AP2/ERF domain superfamily"	plethora 2 (ERF transcription factor)	PMID:26253408
MtrunA17Chr5g0412151	MtrunA17Chr5g0412151--MtPLT3	MtPLT1/MtPLT2/MtPLT3/MtPLT4	MtPLT3	plethora ERF	AP2-EREBP	transcription factor	GO:0005634;GO:0003677;GO:0003700;GO:0006355						PMID:26253408	"putative AP2/ERF domain, DNA-binding domain superfamily, AP2/ERF domain superfamily"	plethora ERF	PMID:26253408
MtrunA17Chr7g0249621	MtrunA17Chr7g0249621--MtPLT4|MtBBM	MtCHS	MtPLT4|MtBBM	plethora ERF|BABYBOOM	AP2-EREBP	transcription factor	GO:0005634;GO:0003677;GO:0003700;GO:0006355;GO:0006952						PMID:26253408|PMID:33299183	"putative AP2/ERF domain, DNA-binding domain superfamily, AP2/ERF domain superfamily"	plethora ERF|BABYBOOM	PMID:26253408|PMID:33299183
MtrunA17Chr5g0432401	MtrunA17Chr5g0432401--MtPrx01|MtRIP1	RIP1	MtPrx01|MtRIP1	RHIZOBIUM-INDUCED PEROXIDASE 1|peroxidase 29			GO:0005576;GO:0016020;GO:0004601;GO:0020037;GO:0046872;GO:0006979;GO:0042744;GO:0098869	1.11.1.7	putative peroxidase				PMID:27375649|PMID:25192698	"putative plant peroxidase, Haem peroxidase, Haem peroxidase superfamily, peroxidase, active"	RHIZOBIUM-INDUCED PEROXIDASE 1|peroxidase 29	PMID:27375649|PMID:25192698
MtrunA17Chr7g0261231	MtrunA17Chr7g0261231--MtPT12	LjIGN1	MtPT12	phosphate transporter			GO:0005315;GO:0055085;GO:0006817;GO:0016021;GO:0015293;GO:0016787	7.3.2.1	putative ABC-type phosphate transporter				PMID:27375649	"putative major facilitator, sugar transporter, major facilitator superfamily domain"	phosphate transporter	PMID:27375649
MtrunA17Chr1g0186821	MtrunA17Chr1g0186821--MtPT5	GmPT7	MtPT5	phosphate transporter			GO:0005315;GO:0055085;GO:0006817;GO:0016021;GO:0015293;GO:0016787	7.3.2.1	putative ABC-type phosphate transporter				PMID:27375649	"putative major facilitator, sugar transporter, major facilitator superfamily domain"	phosphate transporter	PMID:27375649
MtrunA17Chr5g0437411	MtrunA17Chr5g0437411--MtPUB1|MtPUB45	MtFER2	MtPUB1|MtPUB45	Plant U-box protein 1	C2H2	transcription factor	GO:0005634;GO:0036377;GO:0002237;GO:0016746;GO:0061630;GO:0005515;GO:0005737;GO:0009609;GO:0009610;GO:0009877;GO:0005886;GO:0016567				sp|E4NKF8|PUB1_MEDTR	1413	PMID:20971894|PMID:28771553	"putative U-box domain, armadillo-like helical, Zinc finger, RING/FYVE/PHD-type"	Plant U-box protein 1	PMID:20971894|PMID:28771553
MtrunA17Chr4g0031431	MtrunA17Chr4g0031431--MtPUB2|MtPUB32	PUB2 (LjPUB13)	MtPUB2|MtPUB32	"plant U-box (PUB) protein (E3 ligase, KU285617)"			GO:0005634;GO:0005737;GO:0004842;GO:0005515;GO:0016746;GO:0016874;GO:0007166;GO:0016567						PMID:29440269|PMID:28771553	putative adaptor protein Cbl domain superfamily	"plant U-box (PUB) protein (E3 ligase, KU285617)"	PMID:29440269|PMID:28771553
MtrunA17Chr4g0004661	MtrunA17Chr4g0004661--MtRab7A1	MtRab7a1/MtRab7a2	MtRab7A1	Ras-related protein			GO:0005774;GO:0003924;GO:0004767;GO:0005525						PMID:19734435	putative small GTP-binding protein domain	Ras-related protein	PMID:19734435
MtrunA17Chr4g0034871	MtrunA17Chr4g0034871--MtRab7A2	MtRab7a1/MtRab7a2	MtRab7A2	Ras-related protein			GO:0005774;GO:0005886;GO:0003924;GO:0005525;GO:0015031						PMID:19734435	putative small GTP-binding protein domain	Ras-related protein	PMID:19734435
MtrunA17Chr3g0121871	MtrunA17Chr3g0121871--MtRALF1	RALF1	MtRALF1	Rapid Alkalinization Factor			GO:0005576;GO:0009506;GO:0019722						PMID:29030416	putative rapid ALkalinization Factor	Rapid Alkalinization Factor	PMID:29030416
MtrunA17Chr3g0131401	MtrunA17Chr3g0131401--MtRbohB	RbohB	MtRbohB	RESPIRATORY BURST OXIDASE HOMOLOG B			GO:0004601;GO:0005509;GO:0016174;GO:0016021;GO:0098869;GO:0005886	1.6.3.1	putative NAD(P)H oxidase (H(2)O(2)-forming)				PMID:25192698	"putative cytochrome b245, heavy chain, EF-hand domain, EF-hand domain pair"	RESPIRATORY BURST OXIDASE HOMOLOG B	PMID:25192698
MtrunA17Chr3g0131381	MtrunA17Chr3g0131381--MtRbohC	RbohC	MtRbohC	RESPIRATORY BURST OXIDASE HOMOLOG C			GO:0004601;GO:0005509;GO:0016174;GO:0016021;GO:0098869;GO:0005886	1.6.3.1	putative NAD(P)H oxidase (H(2)O(2)-forming)				PMID:25192698	"putative cytochrome b245, heavy chain, EF-hand domain, EF-hand domain pair"	RESPIRATORY BURST OXIDASE HOMOLOG C	PMID:25192698
MtrunA17Chr3g0131361	MtrunA17Chr3g0131361--MtRbohD	RbohD	MtRbohD	RESPIRATORY BURST OXIDASE HOMOLOG D			GO:0004601;GO:0005509;GO:0016174;GO:0016021;GO:0098869;GO:0005886	1.6.3.1	putative NAD(P)H oxidase (H(2)O(2)-forming)				PMID:27375649	"putative cytochrome b245, heavy chain, EF-hand domain, EF-hand domain pair"	RESPIRATORY BURST OXIDASE HOMOLOG D	PMID:27375649
MtrunA17Chr7g0272591	MtrunA17Chr7g0272591--MtRbohG	PvNF-YC1	MtRbohG	RESPIRATORY BURST OXIDASE HOMOLOG G			GO:0004601;GO:0005509;GO:0016174;GO:0016021;GO:0098869;GO:0005886	1.6.3.1	putative NAD(P)H oxidase (H(2)O(2)-forming)				PMID:25192698	"putative cytochrome b245, heavy chain, EF-hand domain, EF-hand domain pair"	RESPIRATORY BURST OXIDASE HOMOLOG G	PMID:25192698
MtrunA17Chr5g0441831	MtrunA17Chr5g0441831--MtRDN1	MtN5	MtRDN1	ROOT DETERMINED NODULATION 1			GO:0016021;GO:0102562;GO:0000139				sp|E9KID3|NOD3_PEA	634	PMID:21742814	putative glycosyltransferase HPAT/SRGT1	ROOT DETERMINED NODULATION 1	PMID:21742814
MtrunA17Chr8g0353191	MtrunA17Chr8g0353191--MtRDN2	RDN2	MtRDN2	ROOT DETERMINED NODULATION 2			GO:0016021;GO:0102562;GO:0000139				sp|G7LG31|RDN2_MEDTR	746	PMID:28592666	putative glycosyltransferase HPAT/SRGT1	ROOT DETERMINED NODULATION 2	PMID:28592666
MtrunA17Chr5g0397781	MtrunA17Chr5g0397781--MtREM2.1	REM2.1	MtREM2.1	remorin 2.1									PMID:17984200	putative remorin	remorin 2.1	PMID:17984200
MtrunA17Chr6g0481801	MtrunA17Chr6g0481801--MtRHL1	VAG1	MtRHL1	ROOT HAIRLESS 1 (LjVAG1 orthologue|PMID:24850853)			GO:0003677;GO:0042023							putative DNA-binding protein RHL1	ROOT HAIRLESS 1 (LjVAG1 orthologue|PMID:24850853)	
MtrunA17Chr8g0371501	MtrunA17Chr8g0371501--MtROP5	GmSGF14c/GmSGF14l	MtROP5	Rho-related GTPase 5 (AF498358)			GO:0008360;GO:0019901;GO:0009860;GO:0007264;GO:0007163;GO:0005730;GO:0042995;GO:0005886;GO:0009524;GO:0005525;GO:0030833;GO:0030865;GO:0030834;GO:0045177;GO:0051650;GO:0003924;GO:0005938;GO:0005819;GO:0031410;GO:0032794;GO:0017157						PMID:20590994	putative small GTP-binding protein domain	Rho-related GTPase 5 (AF498358)	PMID:20590994
MtrunA17Chr1g0197491	MtrunA17Chr1g0197491--MtRPG	RPG	MtRPG	Rhizobium-directed polar growth			GO:0005634						PMID:18621693	putative NT-type C2 domain	Rhizobium-directed polar growth	PMID:18621693
MtrunA17Chr3g0082861	MtrunA17Chr3g0082861--MtRRA9|MtRR9	MtRR5MtRR9/MtRR11	MtRRA9|MtRR9	type-A response regulator	RR-A-type	response regulator and putative novel transcription factor	GO:0009507;GO:0003849;GO:0016301;GO:0000160;GO:0008652;GO:0009073;GO:0009423;GO:0009736;GO:0016310						PMID:31088345|PMID:22034625	"putative signal transduction response regulator, receiver domain, CheY-like superfamily"	type-A response regulator	PMID:31088345|PMID:22034625
MtrunA17Chr3g0134481	MtrunA17Chr3g0134481--MtRRB1|MtRR1	RR1 type B	MtRRB1|MtRR1	type-B response regulator	RR-A-type	response regulator and putative novel transcription factor	GO:0005634;GO:0016020;GO:0003677;GO:0003700;GO:0016301;GO:0000160;GO:0006355;GO:0009736;GO:0016310						PMID:31088345	"putative signal transduction response regulator, receiver domain, Myb domain, CheY-like superfamily"	type-B response regulator	PMID:31088345
MtrunA17Chr7g0239441	MtrunA17Chr7g0239441--MtRSD	RSD	MtRSD	regulator of symbiosome differentiation	C2H2	transcription factor							PMID:24082011	putative Zinc finger C2H2-type	regulator of symbiosome differentiation	PMID:24082011
MtrunA17Chr1g0198731	MtrunA17Chr1g0198731--MtRTFL/DVL_1	DVL1	MtRTFL/DVL_1	Rotundifolia/Devil			GO:0008285						PMID:29030416		Rotundifolia/Devil	PMID:29030416
MtrunA17Chr1g0183641	MtrunA17Chr1g0183641--MtSCL2	SymSCL1	MtSCL2	SCARECROW-Like 2 (GRAS transcription factor)	GRAS	transcription factor	GO:0005634;GO:0003700;GO:0043565;GO:0006355						PMID:33299183	putative transcription factor GRAS	SCARECROW-Like 2 (GRAS transcription factor)	PMID:33299183
MtrunA17Chr4g0072901	MtrunA17Chr4g0072901--MtSPK|MtKIN2	MtSPK1	MtSPK|MtKIN2	Symbiotic Protein Kinase 1			GO:0018108;GO:0005524;GO:0004715;GO:0004714;GO:0004674;GO:0005886	2.7.10.2	putative non-specific protein-tyrosine kinase	RLK-Pelle_RLCK-XV			PMID:23347006|PMID:27249190	"putative serine/threonine-protein kinase, active"	Symbiotic Protein Kinase 1	PMID:23347006|PMID:27249190
MtrunA17Chr4g0070011	MtrunA17Chr4g0070011--MtSUCS1	LjSUS1/LjSUS3	MtSUCS1	sucrose synthase 1			GO:0016157;GO:0005985	2.4.1.13	putative sucrose synthase				PMID:25527707	"putative sucrose synthase, glycosyl transferase, family 1, sucrose synthase, plant/cyanobacteria"	sucrose synthase 1	PMID:25527707
MtrunA17Chr6g0485191	MtrunA17Chr6g0485191--MtSULTR3.5	MtCRN	MtSULTR3.5	sulfate transporter			GO:0005887;GO:0008271;GO:0015301;GO:1902358						PMID:22535379	"putative SLC26A/SulP transporter, STAS domain, sulphate anion transporter, STAS domain superfamily"	sulfate transporter	PMID:22535379
MtrunA17Chr4g0035464	MtrunA17Chr4g0035464--MtSUNN	LjHAR1	MtSUNN	supernumeric nodules (CLV1-like receptor like protein)			GO:0005524;GO:0016021;GO:0030154;GO:0006468;GO:0040008;GO:0106311;GO:0033612;GO:0005886;GO:0106310	2.7.-.-	putative transferase	RLK-Pelle_LRR-XI-1	sp|G7JIK2|SUNN_MEDTR	1994	PMID:16240175	"putative serine/threonine-protein kinase, active"	supernumeric nodules (CLV1-like receptor like protein)	PMID:16240175
MtrunA17Chr5g0428261	MtrunA17Chr5g0428261--MtSUT4-1|MtSUT4.1	SUT4-1	MtSUT4-1|MtSUT4.1	sucrose transporter			GO:0005887;GO:0008506;GO:0015770;GO:0005773;GO:0005985						PMID:27021190|PMID:31568488	"putative sucrose/H+ symporter, plant, MFS transporter superfamily"	sucrose transporter	PMID:27021190|PMID:31568488
MtrunA17Chr3g0131961	MtrunA17Chr3g0131961--MtSWEET11|MtSWEET13	SWEET11	MtSWEET11|MtSWEET13	sucrose transporter			GO:0005886;GO:0016021;GO:0051119;GO:0034219						PMID:27021190|PMID:31568488|PMID:25527707	putative SWEET sugar transporter	sucrose transporter	PMID:27021190|PMID:31568488|PMID:25527707
MtrunA17Chr8g0386011	MtrunA17Chr8g0386011--MtSWEET12	N3	MtSWEET12	sucrose transporter			GO:0005886;GO:0016021;GO:0051119;GO:0034219						PMID:27021190|PMID:31568488	putative SWEET sugar transporter	sucrose transporter	PMID:27021190|PMID:31568488
MtrunA17Chr3g0119041	MtrunA17Chr3g0119041--MtSymCRK	MtSymCRK	MtSymCRK	symbiotic cys-rich receptor-like kinase			GO:0005524;GO:0016021;GO:0004674;GO:0006468;GO:0042742;GO:0005886	2.7.11.1	putative non-specific serine/threonine protein kinase	RLK-Pelle_DLSV			PMID:24916161	"putative serine/threonine-protein kinase, active"	symbiotic cys-rich receptor-like kinase	PMID:24916161
MtrunA17Chr8g0386521	MtrunA17Chr8g0386521--MtSYMREM1|MtREM2.2	SymREM	MtSYMREM1|MtREM2.2	symbiotic remorin 1|remorin 2.2									PMID:20133878|PMID:17984200	putative remorin	symbiotic remorin 1|remorin 2.2	PMID:20133878|PMID:17984200
MtrunA17Chr2g0322801	MtrunA17Chr2g0322801--MtSYP132	MtSYP132	MtSYP132	syntaxin of plants 132|plasma membrane SNARE|TC86779|symbiosome mb			GO:0006906;GO:0048278;GO:0005484;GO:0016021;GO:0012505;GO:0031201;GO:0000149;GO:0006886;GO:0006887;GO:0005886						PMID:16944200	"putative target SNARE coiled-coil domain, syntaxin domain"	syntaxin of plants 132|plasma membrane SNARE|TC86779|symbiosome mb	PMID:16944200
MtrunA17Chr8g0366301	MtrunA17Chr8g0366301--MtSYP22	SYP22	MtSYP22	"syntaxin of plants 22 (vacuolar SNARE, TC100656)"			GO:0006906;GO:0048278;GO:0005484;GO:0016021;GO:0012505;GO:0031201;GO:0000149;GO:0006886						PMID:19734435	"putative target SNARE coiled-coil domain, syntaxin domain, syntaxin/epimorphin"	"syntaxin of plants 22 (vacuolar SNARE, TC100656)"	PMID:19734435
MtrunA17Chr4g0037111	MtrunA17Chr4g0037111--MtSYT1	MtSYT1/MtSYT2; MtSYT2/MtSYT3	MtSYT1	synaptotagmin 1			GO:0005783;GO:0016021;GO:0003899;GO:0008289;GO:0006869;GO:0032774						PMID:28265280	"putative C2 domain, synaptotagmin-like mitochondrial-lipid-binding domain, C2 domain superfamily"	synaptotagmin 1	PMID:28265280
MtrunA17Chr1g0156811	MtrunA17Chr1g0156811--MtSYT2	MtSYT1/MtSYT2; MtSYT2/MtSYT3	MtSYT2	synaptotagmin 2			GO:0005783;GO:0016021;GO:0003899;GO:0008289;GO:0006869;GO:0032774						PMID:28265280	"putative C2 domain, synaptotagmin-like mitochondrial-lipid-binding domain, C2 domain superfamily"	synaptotagmin 2	PMID:28265280
MtrunA17Chr1g0199571	MtrunA17Chr1g0199571--MtSYT3	MtSYT1/MtSYT2; MtSYT2/MtSYT3	MtSYT3	synaptotagmin 3			GO:0005783;GO:0016021;GO:0003899;GO:0008289;GO:0006869;GO:0032774						PMID:28265280	"putative C2 domain, synaptotagmin-like mitochondrial-lipid-binding domain, C2 domain superfamily"	synaptotagmin 3	PMID:28265280
MtrunA17Chr4g0030861	MtrunA17Chr4g0030861--MtTIP1g	MtTIP1g	MtTIP1g	tonoplast intrinsic protein 1f (aquaporin)			GO:0006833;GO:0055085;GO:0015250;GO:0016021						PMID:25217511	putative major intrinsic protein	tonoplast intrinsic protein 1f (aquaporin)	PMID:25217511
MtrunA17Chr7g0225551	MtrunA17Chr7g0225551--MtTML1	MtDNF7	MtTML1	TOO MUCH LOVE 1			GO:0005634;GO:0005829;GO:0003887;GO:0005515;GO:0071897						PMID:30753553	putative kelch-type beta propeller	TOO MUCH LOVE 1	PMID:30753553
MtrunA17Chr6g0459491	MtrunA17Chr6g0459491--MtTML2	MtVPY	MtTML2	TOO MUCH LOVE 2			GO:0005829;GO:0005515						PMID:30753553	putative kelch-type beta propeller	TOO MUCH LOVE 2	PMID:30753553
MtrunA17Chr1g0161531	MtrunA17Chr1g0161531--MtTPS2	GmINS1	MtTPS2	trehalose phosphate synthase 2			GO:0003825;GO:0004805;GO:0005829;GO:0005992;GO:0016311	2.4.1.15;3.1.3.12	"putative alpha,alpha-trehalose-phosphate synthase (UDP-forming), Trehalose-phosphatase"				PMID:33848573	"putative glycosyl transferase, family 20, HAD-superfamily hydrolase, subfamily IIB, HAD superfamily"	trehalose phosphate synthase 2	PMID:33848573
MtrunA17Chr2g0291651	MtrunA17Chr2g0291651--MtVAMP721d	MtVAMP721d/MtVAMP721e	MtVAMP721d	vesicle-associated membrane protein 721d			GO:0016021;GO:0016192						PMID:22566631	"putative Longin domain, v-SNARE, coiled-coil domain"	vesicle-associated membrane protein 721d	PMID:22566631
MtrunA17Chr4g0043521	MtrunA17Chr4g0043521--MtVAMP721e	MtVAMP721d/MtVAMP721e	MtVAMP721e	vesicle-associated membrane protein 721e			GO:0016021;GO:0016192						PMID:22566631	"putative Longin domain, v-SNARE, coiled-coil domain"	vesicle-associated membrane protein 721e	PMID:22566631
MtrunA17Chr1g0151801	MtrunA17Chr1g0151801--MtVPE	MtVPE	MtVPE	"Chitinase, vacuole processing enzyme"			GO:0006624;GO:0004197;GO:0005773;GO:0051603	3.4.22.34	putative legumain				PMID:27245091	"putative peptidase C13, legumain"	"Chitinase, vacuole processing enzyme"	PMID:27245091
MtrunA17Chr5g0413431	MtrunA17Chr5g0413431--MtVPS34	PvPI3K	MtVPS34	Vacuolar sorting protein 34			GO:0034272;GO:0034271;GO:0009651;GO:0000407;GO:0036092;GO:0006897;GO:0000045;GO:0072593;GO:0005524;GO:0005777;GO:0005768;GO:0048015;GO:0055046;GO:0030242;GO:0016310;GO:0016303	2.7.1.137	putative phosphatidylinositol 3-kinase				PMID:34824334	putative MHC classes I/II-like antigen recognition protein	Vacuolar sorting protein 34	PMID:34824334
MtrunA17Chr4g0050851	MtrunA17Chr4g0050851--MtVTL8/SEN1	LjSEN1	MtVTL8/SEN1	Vacuolar iron Transporter-Like protein 8			GO:0016021;GO:0005381;GO:0005384;GO:0006880;GO:0009877;GO:0030026;GO:0034755;GO:0071421						PMID:32521047|PMID:27245091	putative Ccc1 family	Vacuolar iron Transporter-Like protein 8	PMID:32521047|PMID:27245091
MtrunA17Chr5g0436661	MtrunA17Chr5g0436661--MtWOX5	WOX5	MtWOX5	Wuschel-related homeobox transcription factor 5	Homobox-WOX	transcription factor	GO:0005634;GO:0003677;GO:0003700;GO:0006355;GO:0099402						PMID:22232385	"putative Homeobox domain, protein WUSCHEL"	Wuschel-related homeobox transcription factor 5	PMID:22232385
MtrunA17Chr3g0109311	MtrunA17Chr3g0109311--MtYSL7	YSL7	MtYSL7	Yellow Stripe-Like7			GO:0005886;GO:0016021;GO:0035673;GO:0055085						PMID:33797764	"putative oligopeptide transporter, OPT superfamily"	Yellow Stripe-Like7	PMID:33797764
MtrunA17Chr4g0043491	MtrunA17Chr4g0043491--MtZIP6	MtZIP6	MtZIP6	Zinc-Iron Permease 6			GO:0005385;GO:0016021;GO:0071577;GO:0005886						PMID:28732146	putative zinc/iron permease	Zinc-Iron Permease 6	PMID:28732146
MtrunA17Chr3g0134711	MtrunA17Chr3g0134711--MtZPT2-1	MtZPT2	MtZPT2-1	Kruppel-like (or TFIIIA) zinc finger protein (TC114184)	C2H2	transcription factor	GO:0003700;GO:0006355;GO:0010200						PMID:10691739	putative C2H2-type zinc-finger protein AZF1/2/3	Kruppel-like (or TFIIIA) zinc finger protein (TC114184)	PMID:10691739
MtrunA17Chr3g0123651	MtrunA17Chr3g0123651--MtZR1	MtZR1	MtZR1	"(MsZR1 orthologue|PRAF (PH, RCC1 and FYVE) protein family)"			GO:0010274						PMID:23961805	"putative protein MIZU-KUSSEI 1-like, plant"	"(MsZR1 orthologue|PRAF (PH, RCC1 and FYVE) protein family)"	PMID:23961805
MtrunA17Chr5g0447511	MtrunA17Chr5g0447511--NUP133-like	LjNUP85	NUP133-like	nucleoporin	WD40-like	transcription factor	GO:0031080;GO:0005515;GO:0017056;GO:0000972;GO:0006606;GO:0016973							putative nuclear pore complex protein Nup133	nucleoporin	
MtrunA17Chr1g0146201	MtrunA17Chr1g0146201--NUP85-like	NUP85	NUP85-like	nucleoporin			GO:0031080;GO:0031965;GO:0017056;GO:0006406;GO:0006606;GO:0009737;GO:0045893							putative nucleoporin Nup85	nucleoporin	
MtrunA17Chr1g0181791	MtrunA17Chr1g0181791--TOP6A	LjSUNER1	TOP6A	DNA topoisomerase 6 subunit A (endoreduplication control)			GO:0000287;GO:0003677;GO:0005524;GO:0016889;GO:0007131;GO:0000706;GO:0009330;GO:0000228;GO:0006265;GO:0003918;GO:0042138	5.6.2.2	putative DNA topoisomerase (ATP-hydrolyzing)					"putative spo11/DNA topoisomerase VI subunit A, spo11/DNA topoisomerase VI, subunit A"	DNA topoisomerase 6 subunit A (endoreduplication control)	
MtrunA17Chr5g0393901	MtrunA17Chr5g0393901--TOR-like	PvTOR	TOR-like	"TARGET OF RAPAMYCIN (Serine/threonine-protein kinase TOR, cell growth regulator)"			GO:0009793;GO:0000976;GO:0009630;GO:0006468;GO:0043621;GO:0040019;GO:0044877;GO:1900459;GO:0005844;GO:0005524;GO:0031932;GO:0030307;GO:0045893;GO:2000234;GO:0010116;GO:0016311;GO:0031931;GO:0106311;GO:0106310;GO:0038202;GO:0042802;GO:1902661;GO:0009303;GO:1901355;GO:0009745;GO:0005634;GO:0010929;GO:0005737;GO:0016242;GO:0050687	2.7.11.1	putative non-specific serine/threonine protein kinase					putative serine/threonine-protein kinase TOR	"TARGET OF RAPAMYCIN (Serine/threonine-protein kinase TOR, cell growth regulator)"	